--Name : Postgre Initial Data Load Script CCDA
--Owner : Sayu Softtech
--Date cre : 08102022
--Modified date : 

--TABLES
--COUNTRY
insert into country values('CN_1','Afghanistan');
insert into country values('CN_2','Algeria');
insert into country values('CN_3','American Samoa');
insert into country values('CN_4','Angola');
insert into country values('CN_5','Anguilla');
insert into country values('CN_6','Argentina');
insert into country values('CN_7','Armenia');
insert into country values('CN_8','Australia');
insert into country values('CN_9','Austria');
insert into country values('CN_10','Azerbaijan');
insert into country values('CN_11','Bahrain');
insert into country values('CN_12','Bangladesh');
insert into country values('CN_13','Belarus');
insert into country values('CN_14','Bolivia');
insert into country values('CN_15','Brazil');
insert into country values('CN_16','Brunei');
insert into country values('CN_17','Bulgaria');
insert into country values('CN_18','Cambodia');
insert into country values('CN_19','Cameroon');
insert into country values('CN_20','Canada');
insert into country values('CN_21','Chad');
insert into country values('CN_22','Chile');
insert into country values('CN_23','China');
insert into country values('CN_24','Colombia');
insert into country values('CN_25','Congo, The Democratic Republic of the');
insert into country values('CN_26','Czech Republic');
insert into country values('CN_27','Dominican Republic');
insert into country values('CN_28','Ecuador');
insert into country values('CN_29','Egypt');
insert into country values('CN_30','Estonia');
insert into country values('CN_31','Ethiopia');
insert into country values('CN_32','Faroe Islands');
insert into country values('CN_33','Finland');
insert into country values('CN_34','France');
insert into country values('CN_35','French Guiana');
insert into country values('CN_36','French Polynesia');
insert into country values('CN_37','Gambia');
insert into country values('CN_38','Germany');
insert into country values('CN_39','Greece');
insert into country values('CN_40','Greenland');
insert into country values('CN_41','Holy See (Vatican City State)');
insert into country values('CN_42','Hong Kong');
insert into country values('CN_43','Hungary');
insert into country values('CN_44','India');
insert into country values('CN_45','Indonesia');
insert into country values('CN_46','Iran');
insert into country values('CN_47','Iraq');
insert into country values('CN_48','Israel');
insert into country values('CN_49','Italy');
insert into country values('CN_50','Japan');
insert into country values('CN_51','Kazakstan');
insert into country values('CN_52','Kenya');
insert into country values('CN_53','Kuwait');
insert into country values('CN_54','Latvia');
insert into country values('CN_55','Liechtenstein');
insert into country values('CN_56','Lithuania');
insert into country values('CN_57','Madagascar');
insert into country values('CN_58','Malawi');
insert into country values('CN_59','Malaysia');
insert into country values('CN_60','Mexico');
insert into country values('CN_61','Moldova');
insert into country values('CN_62','Morocco');
insert into country values('CN_63','Mozambique');
insert into country values('CN_64','Myanmar');
insert into country values('CN_65','Nauru');
insert into country values('CN_66','Nepal');
insert into country values('CN_67','Netherlands');
insert into country values('CN_68','New Zealand');
insert into country values('CN_69','Nigeria');
insert into country values('CN_70','North Korea');
insert into country values('CN_71','Oman');
insert into country values('CN_72','Pakistan');
insert into country values('CN_73','Paraguay');
insert into country values('CN_74','Peru');
insert into country values('CN_75','Philippines');
insert into country values('CN_76','Poland');
insert into country values('CN_77','Puerto Rico');
insert into country values('CN_78','Romania');
insert into country values('CN_79','Runion');
insert into country values('CN_80','Russian Federation');
insert into country values('CN_81','Saint Vincent and the Grenadines');
insert into country values('CN_82','Saudi Arabia');
insert into country values('CN_83','Senegal');
insert into country values('CN_84','Slovakia');
insert into country values('CN_85','South Africa');
insert into country values('CN_86','South Korea');
insert into country values('CN_87','Spain');
insert into country values('CN_88','Sri Lanka');
insert into country values('CN_89','Sudan');
insert into country values('CN_90','Sweden');
insert into country values('CN_91','Switzerland');
insert into country values('CN_92','Taiwan');
insert into country values('CN_93','Tanzania');
insert into country values('CN_94','Thailand');
insert into country values('CN_95','Tonga');
insert into country values('CN_96','Tunisia');
insert into country values('CN_97','Turkey');
insert into country values('CN_98','Turkmenistan');
insert into country values('CN_99','Tuvalu');
insert into country values('CN_100','Ukraine');
insert into country values('CN_101','United Arab Emirates');
insert into country values('CN_102','United Kingdom');
insert into country values('CN_103','United States');
insert into country values('CN_104','Venezuela');
insert into country values('CN_105','Vietnam');
insert into country values('CN_106','Virgin Islands, U.S.');
insert into country values('CN_107','Yemen');
insert into country values('CN_108','Yugoslavia');
insert into country values('CN_109','Zambia');

--CITY
insert into city values('CT_1','A Corua ','CN_87');
insert into city values('CT_2','Abha','CN_82');
insert into city values('CT_3','Abu Dhabi','CN_101');
insert into city values('CT_4','Acua','CN_60');
insert into city values('CT_5','Adana','CN_97');
insert into city values('CT_6','Addis Abeba','CN_31');
insert into city values('CT_7','Aden','CN_107');
insert into city values('CT_8','Adoni','CN_44');
insert into city values('CT_9','Ahmadnagar','CN_44');
insert into city values('CT_10','Akishima','CN_50');
insert into city values('CT_11','Akron','CN_103');
insert into city values('CT_12','al-Ayn','CN_101');
insert into city values('CT_13','al-Hawiya','CN_82');
insert into city values('CT_14','al-Manama','CN_11');
insert into city values('CT_15','al-Qadarif','CN_89');
insert into city values('CT_16','al-Qatif','CN_82');
insert into city values('CT_17','Alessandria','CN_49');
insert into city values('CT_18','Allappuzha','CN_44');
insert into city values('CT_19','Allende','CN_60');
insert into city values('CT_20','Almirante Brown','CN_6');
insert into city values('CT_21','Alvorada','CN_15');
insert into city values('CT_22','Ambattur','CN_44');
insert into city values('CT_23','Amersfoort','CN_67');
insert into city values('CT_24','Amroha','CN_44');
insert into city values('CT_25','Angra dos Reis','CN_15');
insert into city values('CT_26','Anpolis','CN_15');
insert into city values('CT_27','Antofagasta','CN_22');
insert into city values('CT_28','Aparecida de Goinia','CN_15');
insert into city values('CT_29','Apeldoorn','CN_67');
insert into city values('CT_30','Araatuba','CN_15');
insert into city values('CT_31','Arak','CN_46');
insert into city values('CT_32','Arecibo','CN_77');
insert into city values('CT_33','Arlington','CN_103');
insert into city values('CT_34','Ashdod','CN_48');
insert into city values('CT_35','Ashgabat','CN_98');
insert into city values('CT_36','Ashqelon','CN_48');
insert into city values('CT_37','Asuncin','CN_73');
insert into city values('CT_38','Athenai','CN_39');
insert into city values('CT_39','Atinsk','CN_80');
insert into city values('CT_40','Atlixco','CN_60');
insert into city values('CT_41','Augusta-Richmond County','CN_103');
insert into city values('CT_42','Aurora','CN_103');
insert into city values('CT_43','Avellaneda','CN_6');
insert into city values('CT_44','Bag','CN_15');
insert into city values('CT_45','Baha Blanca','CN_6');
insert into city values('CT_46','Baicheng','CN_23');
insert into city values('CT_47','Baiyin','CN_23');
insert into city values('CT_48','Baku','CN_10');
insert into city values('CT_49','Balaiha','CN_80');
insert into city values('CT_50','Balikesir','CN_97');
insert into city values('CT_51','Balurghat','CN_44');
insert into city values('CT_52','Bamenda','CN_19');
insert into city values('CT_53','Bandar Seri Begawan','CN_16');
insert into city values('CT_54','Banjul','CN_37');
insert into city values('CT_55','Barcelona','CN_104');
insert into city values('CT_56','Basel','CN_91');
insert into city values('CT_57','Bat Yam','CN_48');
insert into city values('CT_58','Batman','CN_97');
insert into city values('CT_59','Batna','CN_2');
insert into city values('CT_60','Battambang','CN_18');
insert into city values('CT_61','Baybay','CN_75');
insert into city values('CT_62','Bayugan','CN_75');
insert into city values('CT_63','Bchar','CN_2');
insert into city values('CT_64','Beira','CN_63');
insert into city values('CT_65','Bellevue','CN_103');
insert into city values('CT_66','Belm','CN_15');
insert into city values('CT_67','Benguela','CN_4');
insert into city values('CT_68','Beni-Mellal','CN_62');
insert into city values('CT_69','Benin City','CN_69');
insert into city values('CT_70','Bergamo','CN_49');
insert into city values('CT_71','Berhampore','CN_44');
insert into city values('CT_72','Bern','CN_91');
insert into city values('CT_73','Bhavnagar','CN_44');
insert into city values('CT_74','Bhilwara','CN_44');
insert into city values('CT_75','Bhimavaram','CN_44');
insert into city values('CT_76','Bhopal','CN_44');
insert into city values('CT_77','Bhusawal','CN_44');
insert into city values('CT_78','Bijapur','CN_44');
insert into city values('CT_79','Bilbays','CN_29');
insert into city values('CT_80','Binzhou','CN_23');
insert into city values('CT_81','Birgunj','CN_66');
insert into city values('CT_82','Bislig','CN_75');
insert into city values('CT_83','Blumenau','CN_15');
insert into city values('CT_84','Boa Vista','CN_15');
insert into city values('CT_85','Boksburg','CN_85');
insert into city values('CT_86','Botosani','CN_78');
insert into city values('CT_87','Botshabelo','CN_85');
insert into city values('CT_88','Bradford','CN_102');
insert into city values('CT_89','Braslia','CN_15');
insert into city values('CT_90','Bratislava','CN_84');
insert into city values('CT_91','Brescia','CN_49');
insert into city values('CT_92','Brest','CN_34');
insert into city values('CT_93','Brindisi','CN_49');
insert into city values('CT_94','Brockton','CN_103');
insert into city values('CT_95','Bucuresti','CN_78');
insert into city values('CT_96','Buenaventura','CN_24');
insert into city values('CT_97','Bydgoszcz','CN_76');
insert into city values('CT_98','Cabuyao','CN_75');
insert into city values('CT_99','Callao','CN_74');
insert into city values('CT_100','Cam Ranh','CN_105');
insert into city values('CT_101','Cape Coral','CN_103');
insert into city values('CT_102','Caracas','CN_104');
insert into city values('CT_103','Carmen','CN_60');
insert into city values('CT_104','Cavite','CN_75');
insert into city values('CT_105','Cayenne','CN_35');
insert into city values('CT_106','Celaya','CN_60');
insert into city values('CT_107','Chandrapur','CN_44');
insert into city values('CT_108','Changhwa','CN_92');
insert into city values('CT_109','Changzhou','CN_23');
insert into city values('CT_110','Chapra','CN_44');
insert into city values('CT_111','Charlotte Amalie','CN_106');
insert into city values('CT_112','Chatsworth','CN_85');
insert into city values('CT_113','Cheju','CN_86');
insert into city values('CT_114','Chiayi','CN_92');
insert into city values('CT_115','Chisinau','CN_61');
insert into city values('CT_116','Chungho','CN_92');
insert into city values('CT_117','Cianjur','CN_45');
insert into city values('CT_118','Ciomas','CN_45');
insert into city values('CT_119','Ciparay','CN_45');
insert into city values('CT_120','Citrus Heights','CN_103');
insert into city values('CT_121','Citt del Vaticano','CN_41');
insert into city values('CT_122','Ciudad del Este','CN_73');
insert into city values('CT_123','Clarksville','CN_103');
insert into city values('CT_124','Coacalco de Berriozbal','CN_60');
insert into city values('CT_125','Coatzacoalcos','CN_60');
insert into city values('CT_126','Compton','CN_103');
insert into city values('CT_127','Coquimbo','CN_22');
insert into city values('CT_128','Crdoba','CN_6');
insert into city values('CT_129','Cuauhtmoc','CN_60');
insert into city values('CT_130','Cuautla','CN_60');
insert into city values('CT_131','Cuernavaca','CN_60');
insert into city values('CT_132','Cuman','CN_104');
insert into city values('CT_133','Czestochowa','CN_76');
insert into city values('CT_134','Dadu','CN_72');
insert into city values('CT_135','Dallas','CN_103');
insert into city values('CT_136','Datong','CN_23');
insert into city values('CT_137','Daugavpils','CN_54');
insert into city values('CT_138','Davao','CN_75');
insert into city values('CT_139','Daxian','CN_23');
insert into city values('CT_140','Dayton','CN_103');
insert into city values('CT_141','Deba Habe','CN_69');
insert into city values('CT_142','Denizli','CN_97');
insert into city values('CT_143','Dhaka','CN_12');
insert into city values('CT_144','Dhule','CN_44');
insert into city values('CT_145','Dongying','CN_23');
insert into city values('CT_146','Donostia-San Sebastin','CN_87');
insert into city values('CT_147','Dos Quebradas','CN_24');
insert into city values('CT_148','Duisburg','CN_38');
insert into city values('CT_149','Dundee','CN_102');
insert into city values('CT_150','Dzerzinsk','CN_80');
insert into city values('CT_151','Ede','CN_67');
insert into city values('CT_152','Effon-Alaiye','CN_69');
insert into city values('CT_153','El Alto','CN_14');
insert into city values('CT_154','El Fuerte','CN_60');
insert into city values('CT_155','El Monte','CN_103');
insert into city values('CT_156','Elista','CN_80');
insert into city values('CT_157','Emeishan','CN_23');
insert into city values('CT_158','Emmen','CN_67');
insert into city values('CT_159','Enshi','CN_23');
insert into city values('CT_160','Erlangen','CN_38');
insert into city values('CT_161','Escobar','CN_6');
insert into city values('CT_162','Esfahan','CN_46');
insert into city values('CT_163','Eskisehir','CN_97');
insert into city values('CT_164','Etawah','CN_44');
insert into city values('CT_165','Ezeiza','CN_6');
insert into city values('CT_166','Ezhou','CN_23');
insert into city values('CT_167','Faaa','CN_36');
insert into city values('CT_168','Fengshan','CN_92');
insert into city values('CT_169','Firozabad','CN_44');
insert into city values('CT_170','Florencia','CN_24');
insert into city values('CT_171','Fontana','CN_103');
insert into city values('CT_172','Fukuyama','CN_50');
insert into city values('CT_173','Funafuti','CN_99');
insert into city values('CT_174','Fuyu','CN_23');
insert into city values('CT_175','Fuzhou','CN_23');
insert into city values('CT_176','Gandhinagar','CN_44');
insert into city values('CT_177','Garden Grove','CN_103');
insert into city values('CT_178','Garland','CN_103');
insert into city values('CT_179','Gatineau','CN_20');
insert into city values('CT_180','Gaziantep','CN_97');
insert into city values('CT_181','Gijn','CN_87');
insert into city values('CT_182','Gingoog','CN_75');
insert into city values('CT_183','Goinia','CN_15');
insert into city values('CT_184','Gorontalo','CN_45');
insert into city values('CT_185','Grand Prairie','CN_103');
insert into city values('CT_186','Graz','CN_9');
insert into city values('CT_187','Greensboro','CN_103');
insert into city values('CT_188','Guadalajara','CN_60');
insert into city values('CT_189','Guaruj','CN_15');
insert into city values('CT_190','guas Lindas de Gois','CN_15');
insert into city values('CT_191','Gulbarga','CN_44');
insert into city values('CT_192','Hagonoy','CN_75');
insert into city values('CT_193','Haining','CN_23');
insert into city values('CT_194','Haiphong','CN_105');
insert into city values('CT_195','Haldia','CN_44');
insert into city values('CT_196','Halifax','CN_20');
insert into city values('CT_197','Halisahar','CN_44');
insert into city values('CT_198','Halle/Saale','CN_38');
insert into city values('CT_199','Hami','CN_23');
insert into city values('CT_200','Hamilton','CN_68');
insert into city values('CT_201','Hanoi','CN_105');
insert into city values('CT_202','Hidalgo','CN_60');
insert into city values('CT_203','Higashiosaka','CN_50');
insert into city values('CT_204','Hino','CN_50');
insert into city values('CT_205','Hiroshima','CN_50');
insert into city values('CT_206','Hodeida','CN_107');
insert into city values('CT_207','Hohhot','CN_23');
insert into city values('CT_208','Hoshiarpur','CN_44');
insert into city values('CT_209','Hsichuh','CN_92');
insert into city values('CT_210','Huaian','CN_23');
insert into city values('CT_211','Hubli-Dharwad','CN_44');
insert into city values('CT_212','Huejutla de Reyes','CN_60');
insert into city values('CT_213','Huixquilucan','CN_60');
insert into city values('CT_214','Hunuco','CN_74');
insert into city values('CT_215','Ibirit','CN_15');
insert into city values('CT_216','Idfu','CN_29');
insert into city values('CT_217','Ife','CN_69');
insert into city values('CT_218','Ikerre','CN_69');
insert into city values('CT_219','Iligan','CN_75');
insert into city values('CT_220','Ilorin','CN_69');
insert into city values('CT_221','Imus','CN_75');
insert into city values('CT_222','Inegl','CN_97');
insert into city values('CT_223','Ipoh','CN_59');
insert into city values('CT_224','Isesaki','CN_50');
insert into city values('CT_225','Ivanovo','CN_80');
insert into city values('CT_226','Iwaki','CN_50');
insert into city values('CT_227','Iwakuni','CN_50');
insert into city values('CT_228','Iwatsuki','CN_50');
insert into city values('CT_229','Izumisano','CN_50');
insert into city values('CT_230','Jaffna','CN_88');
insert into city values('CT_231','Jaipur','CN_44');
insert into city values('CT_232','Jakarta','CN_45');
insert into city values('CT_233','Jalib al-Shuyukh','CN_53');
insert into city values('CT_234','Jamalpur','CN_12');
insert into city values('CT_235','Jaroslavl','CN_80');
insert into city values('CT_236','Jastrzebie-Zdrj','CN_76');
insert into city values('CT_237','Jedda','CN_82');
insert into city values('CT_238','Jelets','CN_80');
insert into city values('CT_239','Jhansi','CN_44');
insert into city values('CT_240','Jinchang','CN_23');
insert into city values('CT_241','Jining','CN_23');
insert into city values('CT_242','Jinzhou','CN_23');
insert into city values('CT_243','Jodhpur','CN_44');
insert into city values('CT_244','Johannesburg','CN_85');
insert into city values('CT_245','Joliet','CN_103');
insert into city values('CT_246','Jos Azueta','CN_60');
insert into city values('CT_247','Juazeiro do Norte','CN_15');
insert into city values('CT_248','Juiz de Fora','CN_15');
insert into city values('CT_249','Junan','CN_23');
insert into city values('CT_250','Jurez','CN_60');
insert into city values('CT_251','Kabul','CN_1');
insert into city values('CT_252','Kaduna','CN_69');
insert into city values('CT_253','Kakamigahara','CN_50');
insert into city values('CT_254','Kaliningrad','CN_80');
insert into city values('CT_255','Kalisz','CN_76');
insert into city values('CT_256','Kamakura','CN_50');
insert into city values('CT_257','Kamarhati','CN_44');
insert into city values('CT_258','Kamjanets-Podilskyi','CN_100');
insert into city values('CT_259','Kamyin','CN_80');
insert into city values('CT_260','Kanazawa','CN_50');
insert into city values('CT_261','Kanchrapara','CN_44');
insert into city values('CT_262','Kansas City','CN_103');
insert into city values('CT_263','Karnal','CN_44');
insert into city values('CT_264','Katihar','CN_44');
insert into city values('CT_265','Kermanshah','CN_46');
insert into city values('CT_266','Kilis','CN_97');
insert into city values('CT_267','Kimberley','CN_85');
insert into city values('CT_268','Kimchon','CN_86');
insert into city values('CT_269','Kingstown','CN_81');
insert into city values('CT_270','Kirovo-Tepetsk','CN_80');
insert into city values('CT_271','Kisumu','CN_52');
insert into city values('CT_272','Kitwe','CN_109');
insert into city values('CT_273','Klerksdorp','CN_85');
insert into city values('CT_274','Kolpino','CN_80');
insert into city values('CT_275','Konotop','CN_100');
insert into city values('CT_276','Koriyama','CN_50');
insert into city values('CT_277','Korla','CN_23');
insert into city values('CT_278','Korolev','CN_80');
insert into city values('CT_279','Kowloon and New Kowloon','CN_42');
insert into city values('CT_280','Kragujevac','CN_108');
insert into city values('CT_281','Ktahya','CN_97');
insert into city values('CT_282','Kuching','CN_59');
insert into city values('CT_283','Kumbakonam','CN_44');
insert into city values('CT_284','Kurashiki','CN_50');
insert into city values('CT_285','Kurgan','CN_80');
insert into city values('CT_286','Kursk','CN_80');
insert into city values('CT_287','Kuwana','CN_50');
insert into city values('CT_288','La Paz','CN_60');
insert into city values('CT_289','La Plata','CN_6');
insert into city values('CT_290','La Romana','CN_27');
insert into city values('CT_291','Laiwu','CN_23');
insert into city values('CT_292','Lancaster','CN_103');
insert into city values('CT_293','Laohekou','CN_23');
insert into city values('CT_294','Lapu-Lapu','CN_75');
insert into city values('CT_295','Laredo','CN_103');
insert into city values('CT_296','Lausanne','CN_91');
insert into city values('CT_297','Le Mans','CN_34');
insert into city values('CT_298','Lengshuijiang','CN_23');
insert into city values('CT_299','Leshan','CN_23');
insert into city values('CT_300','Lethbridge','CN_20');
insert into city values('CT_301','Lhokseumawe','CN_45');
insert into city values('CT_302','Liaocheng','CN_23');
insert into city values('CT_303','Liepaja','CN_54');
insert into city values('CT_304','Lilongwe','CN_58');
insert into city values('CT_305','Lima','CN_74');
insert into city values('CT_306','Lincoln','CN_103');
insert into city values('CT_307','Linz','CN_9');
insert into city values('CT_308','Lipetsk','CN_80');
insert into city values('CT_309','Livorno','CN_49');
insert into city values('CT_310','Ljubertsy','CN_80');
insert into city values('CT_311','Loja','CN_28');
insert into city values('CT_312','London','CN_102');
insert into city values('CT_313','London','CN_20');
insert into city values('CT_314','Lublin','CN_76');
insert into city values('CT_315','Lubumbashi','CN_25');
insert into city values('CT_316','Lungtan','CN_92');
insert into city values('CT_317','Luzinia','CN_15');
insert into city values('CT_318','Madiun','CN_45');
insert into city values('CT_319','Mahajanga','CN_57');
insert into city values('CT_320','Maikop','CN_80');
insert into city values('CT_321','Malm','CN_90');
insert into city values('CT_322','Manchester','CN_103');
insert into city values('CT_323','Mandaluyong','CN_75');
insert into city values('CT_324','Mandi Bahauddin','CN_72');
insert into city values('CT_325','Mannheim','CN_38');
insert into city values('CT_326','Maracabo','CN_104');
insert into city values('CT_327','Mardan','CN_72');
insert into city values('CT_328','Maring','CN_15');
insert into city values('CT_329','Masqat','CN_71');
insert into city values('CT_330','Matamoros','CN_60');
insert into city values('CT_331','Matsue','CN_50');
insert into city values('CT_332','Meixian','CN_23');
insert into city values('CT_333','Memphis','CN_103');
insert into city values('CT_334','Merlo','CN_6');
insert into city values('CT_335','Mexicali','CN_60');
insert into city values('CT_336','Miraj','CN_44');
insert into city values('CT_337','Mit Ghamr','CN_29');
insert into city values('CT_338','Miyakonojo','CN_50');
insert into city values('CT_339','Mogiljov','CN_13');
insert into city values('CT_340','Molodetno','CN_13');
insert into city values('CT_341','Monclova','CN_60');
insert into city values('CT_342','Monywa','CN_64');
insert into city values('CT_343','Moscow','CN_80');
insert into city values('CT_344','Mosul','CN_47');
insert into city values('CT_345','Mukateve','CN_100');
insert into city values('CT_346','Munger','CN_44');
insert into city values('CT_347','Mwanza','CN_93');
insert into city values('CT_348','Mwene-Ditu','CN_25');
insert into city values('CT_349','Myingyan','CN_64');
insert into city values('CT_350','Mysore','CN_44');
insert into city values('CT_351','Naala-Porto','CN_63');
insert into city values('CT_352','Nabereznyje Telny','CN_80');
insert into city values('CT_353','Nador','CN_62');
insert into city values('CT_354','Nagaon','CN_44');
insert into city values('CT_355','Nagareyama','CN_50');
insert into city values('CT_356','Najafabad','CN_46');
insert into city values('CT_357','Naju','CN_86');
insert into city values('CT_358','Nakhon Sawan','CN_94');
insert into city values('CT_359','Nam Dinh','CN_105');
insert into city values('CT_360','Namibe','CN_4');
insert into city values('CT_361','Nantou','CN_92');
insert into city values('CT_362','Nanyang','CN_23');
insert into city values('CT_363','NDjamna','CN_21');
insert into city values('CT_364','Newcastle','CN_85');
insert into city values('CT_365','Nezahualcyotl','CN_60');
insert into city values('CT_366','Nha Trang','CN_105');
insert into city values('CT_367','Niznekamsk','CN_80');
insert into city values('CT_368','Novi Sad','CN_108');
insert into city values('CT_369','Novoterkassk','CN_80');
insert into city values('CT_370','Nukualofa','CN_95');
insert into city values('CT_371','Nuuk','CN_40');
insert into city values('CT_372','Nyeri','CN_52');
insert into city values('CT_373','Ocumare del Tuy','CN_104');
insert into city values('CT_374','Ogbomosho','CN_69');
insert into city values('CT_375','Okara','CN_72');
insert into city values('CT_376','Okayama','CN_50');
insert into city values('CT_377','Okinawa','CN_50');
insert into city values('CT_378','Olomouc','CN_26');
insert into city values('CT_379','Omdurman','CN_89');
insert into city values('CT_380','Omiya','CN_50');
insert into city values('CT_381','Ondo','CN_69');
insert into city values('CT_382','Onomichi','CN_50');
insert into city values('CT_383','Oshawa','CN_20');
insert into city values('CT_384','Osmaniye','CN_97');
insert into city values('CT_385','ostka','CN_100');
insert into city values('CT_386','Otsu','CN_50');
insert into city values('CT_387','Oulu','CN_33');
insert into city values('CT_388','Ourense','CN_87');
insert into city values('CT_389','Owo','CN_69');
insert into city values('CT_390','Oyo','CN_69');
insert into city values('CT_391','Ozamis','CN_75');
insert into city values('CT_392','Paarl','CN_85');
insert into city values('CT_393','Pachuca de Soto','CN_60');
insert into city values('CT_394','Pak Kret','CN_94');
insert into city values('CT_395','Palghat','CN_44');
insert into city values('CT_396','Pangkal Pinang','CN_45');
insert into city values('CT_397','Papeete','CN_36');
insert into city values('CT_398','Parbhani','CN_44');
insert into city values('CT_399','Pathankot','CN_44');
insert into city values('CT_400','Patiala','CN_44');
insert into city values('CT_401','Patras','CN_39');
insert into city values('CT_402','Pavlodar','CN_51');
insert into city values('CT_403','Pemalang','CN_45');
insert into city values('CT_404','Peoria','CN_103');
insert into city values('CT_405','Pereira','CN_24');
insert into city values('CT_406','Phnom Penh','CN_18');
insert into city values('CT_407','Pingxiang','CN_23');
insert into city values('CT_408','Pjatigorsk','CN_80');
insert into city values('CT_409','Plock','CN_76');
insert into city values('CT_410','Po','CN_15');
insert into city values('CT_411','Ponce','CN_77');
insert into city values('CT_412','Pontianak','CN_45');
insert into city values('CT_413','Poos de Caldas','CN_15');
insert into city values('CT_414','Portoviejo','CN_28');
insert into city values('CT_415','Probolinggo','CN_45');
insert into city values('CT_416','Pudukkottai','CN_44');
insert into city values('CT_417','Pune','CN_44');
insert into city values('CT_418','Purnea (Purnia)','CN_44');
insert into city values('CT_419','Purwakarta','CN_45');
insert into city values('CT_420','Pyongyang','CN_70');
insert into city values('CT_421','Qalyub','CN_29');
insert into city values('CT_422','Qinhuangdao','CN_23');
insert into city values('CT_423','Qomsheh','CN_46');
insert into city values('CT_424','Quilmes','CN_6');
insert into city values('CT_425','Rae Bareli','CN_44');
insert into city values('CT_426','Rajkot','CN_44');
insert into city values('CT_427','Rampur','CN_44');
insert into city values('CT_428','Rancagua','CN_22');
insert into city values('CT_429','Ranchi','CN_44');
insert into city values('CT_430','Richmond Hill','CN_20');
insert into city values('CT_431','Rio Claro','CN_15');
insert into city values('CT_432','Rizhao','CN_23');
insert into city values('CT_433','Roanoke','CN_103');
insert into city values('CT_434','Robamba','CN_28');
insert into city values('CT_435','Rockford','CN_103');
insert into city values('CT_436','Ruse','CN_17');
insert into city values('CT_437','Rustenburg','CN_85');
insert into city values('CT_438','s-Hertogenbosch','CN_67');
insert into city values('CT_439','Saarbrcken','CN_38');
insert into city values('CT_440','Sagamihara','CN_50');
insert into city values('CT_441','Saint Louis','CN_103');
insert into city values('CT_442','Saint-Denis','CN_79');
insert into city values('CT_443','Sal','CN_62');
insert into city values('CT_444','Salala','CN_71');
insert into city values('CT_445','Salamanca','CN_60');
insert into city values('CT_446','Salinas','CN_103');
insert into city values('CT_447','Salzburg','CN_9');
insert into city values('CT_448','Sambhal','CN_44');
insert into city values('CT_449','San Bernardino','CN_103');
insert into city values('CT_450','San Felipe de Puerto Plata','CN_27');
insert into city values('CT_451','San Felipe del Progreso','CN_60');
insert into city values('CT_452','San Juan Bautista Tuxtepec','CN_60');
insert into city values('CT_453','San Lorenzo','CN_73');
insert into city values('CT_454','San Miguel de Tucumn','CN_6');
insert into city values('CT_455','Sanaa','CN_107');
insert into city values('CT_456','Santa Brbara dOeste','CN_15');
insert into city values('CT_457','Santa F','CN_6');
insert into city values('CT_458','Santa Rosa','CN_75');
insert into city values('CT_459','Santiago de Compostela','CN_87');
insert into city values('CT_460','Santiago de los Caballeros','CN_27');
insert into city values('CT_461','Santo Andr','CN_15');
insert into city values('CT_462','Sanya','CN_23');
insert into city values('CT_463','Sasebo','CN_50');
insert into city values('CT_464','Satna','CN_44');
insert into city values('CT_465','Sawhaj','CN_29');
insert into city values('CT_466','Serpuhov','CN_80');
insert into city values('CT_467','Shahr-e Kord','CN_46');
insert into city values('CT_468','Shanwei','CN_23');
insert into city values('CT_469','Shaoguan','CN_23');
insert into city values('CT_470','Sharja','CN_101');
insert into city values('CT_471','Shenzhen','CN_23');
insert into city values('CT_472','Shikarpur','CN_72');
insert into city values('CT_473','Shimoga','CN_44');
insert into city values('CT_474','Shimonoseki','CN_50');
insert into city values('CT_475','Shivapuri','CN_44');
insert into city values('CT_476','Shubra al-Khayma','CN_29');
insert into city values('CT_477','Siegen','CN_38');
insert into city values('CT_478','Siliguri','CN_44');
insert into city values('CT_479','Simferopol','CN_100');
insert into city values('CT_480','Sincelejo','CN_24');
insert into city values('CT_481','Sirjan','CN_46');
insert into city values('CT_482','Sivas','CN_97');
insert into city values('CT_483','Skikda','CN_2');
insert into city values('CT_484','Smolensk','CN_80');
insert into city values('CT_485','So Bernardo do Campo','CN_15');
insert into city values('CT_486','So Leopoldo','CN_15');
insert into city values('CT_487','Sogamoso','CN_24');
insert into city values('CT_488','Sokoto','CN_69');
insert into city values('CT_489','Songkhla','CN_94');
insert into city values('CT_490','Sorocaba','CN_15');
insert into city values('CT_491','Soshanguve','CN_85');
insert into city values('CT_492','Sousse','CN_96');
insert into city values('CT_493','South Hill','CN_5');
insert into city values('CT_494','Southampton','CN_102');
insert into city values('CT_495','Southend-on-Sea','CN_102');
insert into city values('CT_496','Southport','CN_102');
insert into city values('CT_497','Springs','CN_85');
insert into city values('CT_498','Stara Zagora','CN_17');
insert into city values('CT_499','Sterling Heights','CN_103');
insert into city values('CT_500','Stockport','CN_102');
insert into city values('CT_501','Sucre','CN_14');
insert into city values('CT_502','Suihua','CN_23');
insert into city values('CT_503','Sullana','CN_74');
insert into city values('CT_504','Sultanbeyli','CN_97');
insert into city values('CT_505','Sumqayit','CN_10');
insert into city values('CT_506','Sumy','CN_100');
insert into city values('CT_507','Sungai Petani','CN_59');
insert into city values('CT_508','Sunnyvale','CN_103');
insert into city values('CT_509','Surakarta','CN_45');
insert into city values('CT_510','Syktyvkar','CN_80');
insert into city values('CT_511','Syrakusa','CN_49');
insert into city values('CT_512','Szkesfehrvr','CN_43');
insert into city values('CT_513','Tabora','CN_93');
insert into city values('CT_514','Tabriz','CN_46');
insert into city values('CT_515','Tabuk','CN_82');
insert into city values('CT_516','Tafuna','CN_3');
insert into city values('CT_517','Taguig','CN_75');
insert into city values('CT_518','Taizz','CN_107');
insert into city values('CT_519','Talavera','CN_75');
insert into city values('CT_520','Tallahassee','CN_103');
insert into city values('CT_521','Tama','CN_50');
insert into city values('CT_522','Tambaram','CN_44');
insert into city values('CT_523','Tanauan','CN_75');
insert into city values('CT_524','Tandil','CN_6');
insert into city values('CT_525','Tangail','CN_12');
insert into city values('CT_526','Tanshui','CN_92');
insert into city values('CT_527','Tanza','CN_75');
insert into city values('CT_528','Tarlac','CN_75');
insert into city values('CT_529','Tarsus','CN_97');
insert into city values('CT_530','Tartu','CN_30');
insert into city values('CT_531','Teboksary','CN_80');
insert into city values('CT_532','Tegal','CN_45');
insert into city values('CT_533','Tel Aviv-Jaffa','CN_48');
insert into city values('CT_534','Tete','CN_63');
insert into city values('CT_535','Tianjin','CN_23');
insert into city values('CT_536','Tiefa','CN_23');
insert into city values('CT_537','Tieli','CN_23');
insert into city values('CT_538','Tokat','CN_97');
insert into city values('CT_539','Tonghae','CN_86');
insert into city values('CT_540','Tongliao','CN_23');
insert into city values('CT_541','Torren','CN_60');
insert into city values('CT_542','Touliu','CN_92');
insert into city values('CT_543','Toulon','CN_34');
insert into city values('CT_544','Toulouse','CN_34');
insert into city values('CT_545','Trshavn','CN_32');
insert into city values('CT_546','Tsaotun','CN_92');
insert into city values('CT_547','Tsuyama','CN_50');
insert into city values('CT_548','Tuguegarao','CN_75');
insert into city values('CT_549','Tychy','CN_76');
insert into city values('CT_550','Udaipur','CN_44');
insert into city values('CT_551','Udine','CN_49');
insert into city values('CT_552','Ueda','CN_50');
insert into city values('CT_553','Uijongbu','CN_86');
insert into city values('CT_554','Uluberia','CN_44');
insert into city values('CT_555','Urawa','CN_50');
insert into city values('CT_556','Uruapan','CN_60');
insert into city values('CT_557','Usak','CN_97');
insert into city values('CT_558','Usolje-Sibirskoje','CN_80');
insert into city values('CT_559','Uttarpara-Kotrung','CN_44');
insert into city values('CT_560','Vaduz','CN_55');
insert into city values('CT_561','Valencia','CN_104');
insert into city values('CT_562','Valle de la Pascua','CN_104');
insert into city values('CT_563','Valle de Santiago','CN_60');
insert into city values('CT_564','Valparai','CN_44');
insert into city values('CT_565','Vancouver','CN_20');
insert into city values('CT_566','Varanasi','CN_44');
insert into city values('CT_567','Vicente Lpez','CN_6');
insert into city values('CT_568','Vijayawada','CN_44');
insert into city values('CT_569','Vila Velha','CN_15');
insert into city values('CT_570','Vilnius','CN_56');
insert into city values('CT_571','Vinh','CN_105');
insert into city values('CT_572','Vitria de Santo Anto','CN_15');
insert into city values('CT_573','Warren','CN_103');
insert into city values('CT_574','Weifang','CN_23');
insert into city values('CT_575','Witten','CN_38');
insert into city values('CT_576','Woodridge','CN_8');
insert into city values('CT_577','Wroclaw','CN_76');
insert into city values('CT_578','Xiangfan','CN_23');
insert into city values('CT_579','Xiangtan','CN_23');
insert into city values('CT_580','Xintai','CN_23');
insert into city values('CT_581','Xinxiang','CN_23');
insert into city values('CT_582','Yamuna Nagar','CN_44');
insert into city values('CT_583','Yangor','CN_65');
insert into city values('CT_584','Yantai','CN_23');
insert into city values('CT_585','Yaound','CN_19');
insert into city values('CT_586','Yerevan','CN_7');
insert into city values('CT_587','Yinchuan','CN_23');
insert into city values('CT_588','Yingkou','CN_23');
insert into city values('CT_589','York','CN_102');
insert into city values('CT_590','Yuncheng','CN_23');
insert into city values('CT_591','Yuzhou','CN_23');
insert into city values('CT_592','Zalantun','CN_23');
insert into city values('CT_593','Zanzibar','CN_93');
insert into city values('CT_594','Zaoyang','CN_23');
insert into city values('CT_595','Zapopan','CN_60');
insert into city values('CT_596','Zaria','CN_69');
insert into city values('CT_597','Zeleznogorsk','CN_80');
insert into city values('CT_598','Zhezqazghan','CN_51');
insert into city values('CT_599','Zhoushan','CN_23');
insert into city values('CT_600','Ziguinchor','CN_83');

--ADDRESS
insert into address values('AD_1','47 MySakila Drive','CT_300');
insert into address values('AD_2','28 MySQL Boulevard','CT_576');
insert into address values('AD_3','23 Workhaven Lane','CT_300');
insert into address values('AD_4','1411 Lillydale Drive','CT_576');
insert into address values('AD_5','1913 Hanoi Way','CT_463');
insert into address values('AD_6','1121 Loja Avenue','CT_449');
insert into address values('AD_7','692 Joliet Street','CT_38');
insert into address values('AD_8','1566 Inegl Manor','CT_349');
insert into address values('AD_9','53 Idfu Parkway','CT_361');
insert into address values('AD_10','1795 Santiago de Compostela Way','CT_295');
insert into address values('AD_11','900 Santiago de Compostela Parkway','CT_280');
insert into address values('AD_12','478 Joliet Way','CT_200');
insert into address values('AD_13','613 Korolev Drive','CT_329');
insert into address values('AD_14','1531 Sal Drive','CT_162');
insert into address values('AD_15','1542 Tarlac Parkway','CT_440');
insert into address values('AD_16','808 Bhopal Manor','CT_582');
insert into address values('AD_17','270 Amroha Parkway','CT_384');
insert into address values('AD_18','770 Bydgoszcz Avenue','CT_120');
insert into address values('AD_19','419 Iligan Lane','CT_76');
insert into address values('AD_20','360 Toulouse Parkway','CT_495');
insert into address values('AD_21','270 Toulon Boulevard','CT_156');
insert into address values('AD_22','320 Brest Avenue','CT_252');
insert into address values('AD_23','1417 Lancaster Avenue','CT_267');
insert into address values('AD_24','1688 Okara Way','CT_327');
insert into address values('AD_25','262 A Corua  Parkway','CT_525');
insert into address values('AD_26','28 Charlotte Amalie Street','CT_443');
insert into address values('AD_27','1780 Hino Boulevard','CT_303');
insert into address values('AD_28','96 Tafuna Way','CT_128');
insert into address values('AD_29','934 San Felipe de Puerto Plata Street','CT_472');
insert into address values('AD_30','18 Duisburg Boulevard','CT_121');
insert into address values('AD_31','217 Botshabelo Place','CT_138');
insert into address values('AD_32','1425 Shikarpur Manor','CT_346');
insert into address values('AD_33','786 Aurora Avenue','CT_474');
insert into address values('AD_34','1668 Anpolis Street','CT_316');
insert into address values('AD_35','33 Gorontalo Way','CT_257');
insert into address values('AD_36','176 Mandaluyong Place','CT_239');
insert into address values('AD_37','127 Purnea  Manor','CT_17');
insert into address values('AD_38','61 Tama Street','CT_284');
insert into address values('AD_39','391 Callao Drive','CT_544');
insert into address values('AD_40','334 Munger  Lane','CT_31');
insert into address values('AD_41','1440 Fukuyama Loop','CT_362');
insert into address values('AD_42','269 Cam Ranh Parkway','CT_115');
insert into address values('AD_43','306 Antofagasta Place','CT_569');
insert into address values('AD_44','671 Graz Street','CT_353');
insert into address values('AD_45','42 Brindisi Place','CT_586');
insert into address values('AD_46','1632 Bislig Avenue','CT_394');
insert into address values('AD_47','1447 Imus Way','CT_167');
insert into address values('AD_48','1998 Halifax Drive','CT_308');
insert into address values('AD_49','1718 Valencia Street','CT_27');
insert into address values('AD_50','46 Pjatigorsk Lane','CT_343');
insert into address values('AD_51','686 Garland Manor','CT_247');
insert into address values('AD_52','909 Garland Manor','CT_367');
insert into address values('AD_53','725 Isesaki Place','CT_237');
insert into address values('AD_54','115 Hidalgo Parkway','CT_379');
insert into address values('AD_55','1135 Izumisano Parkway','CT_171');
insert into address values('AD_56','939 Probolinggo Loop','CT_1');
insert into address values('AD_57','17 Kabul Boulevard','CT_355');
insert into address values('AD_58','1964 Allappuzha Street','CT_227');
insert into address values('AD_59','1697 Kowloon and New Kowloon Loop','CT_49');
insert into address values('AD_60','1668 Saint Louis Place','CT_397');
insert into address values('AD_61','943 Tokat Street','CT_560');
insert into address values('AD_62','1114 Liepaja Street','CT_282');
insert into address values('AD_63','1213 Ranchi Parkway','CT_350');
insert into address values('AD_64','81 Hodeida Way','CT_231');
insert into address values('AD_65','915 Ponce Place','CT_56');
insert into address values('AD_66','1717 Guadalajara Lane','CT_441');
insert into address values('AD_67','1214 Hanoi Way','CT_306');
insert into address values('AD_68','1966 Amroha Avenue','CT_139');
insert into address values('AD_69','698 Otsu Street','CT_105');
insert into address values('AD_70','1150 Kimchon Manor','CT_321');
insert into address values('AD_71','1586 Guaruj Place','CT_579');
insert into address values('AD_72','57 Arlington Manor','CT_475');
insert into address values('AD_73','1031 Daugavpils Parkway','CT_63');
insert into address values('AD_74','1124 Buenaventura Drive','CT_13');
insert into address values('AD_75','492 Cam Ranh Street','CT_61');
insert into address values('AD_76','89 Allappuzha  Manor','CT_517');
insert into address values('AD_77','1947 Poos de Caldas Boulevard','CT_114');
insert into address values('AD_78','1206 Dos Quebradas Place','CT_431');
insert into address values('AD_79','1551 Rampur Lane','CT_108');
insert into address values('AD_80','602 Paarl Street','CT_402');
insert into address values('AD_81','1692 Ede Loop','CT_30');
insert into address values('AD_82','936 Salzburg Lane','CT_425');
insert into address values('AD_83','586 Tete Way','CT_256');
insert into address values('AD_84','1888 Kabul Drive','CT_217');
insert into address values('AD_85','320 Baiyin Parkway','CT_319');
insert into address values('AD_86','927 Baha Blanca Parkway','CT_479');
insert into address values('AD_87','929 Tallahassee Loop','CT_497');
insert into address values('AD_88','125 Citt del Vaticano Boulevard','CT_40');
insert into address values('AD_89','1557 Ktahya Boulevard','CT_88');
insert into address values('AD_90','870 Ashqelon Loop','CT_489');
insert into address values('AD_91','1740 Portoviejo Avenue','CT_480');
insert into address values('AD_92','1942 Ciparay Parkway','CT_113');
insert into address values('AD_93','1926 El Alto Avenue','CT_289');
insert into address values('AD_94','1952 Chatsworth Drive','CT_332');
insert into address values('AD_95','1370 Le Mans Avenue','CT_53');
insert into address values('AD_96','984 Effon-Alaiye Avenue','CT_183');
insert into address values('AD_97','832 Nakhon Sawan Manor','CT_592');
insert into address values('AD_98','152 Kitwe Parkway','CT_82');
insert into address values('AD_99','1697 Tanauan Lane','CT_399');
insert into address values('AD_100','1308 Arecibo Way','CT_41');
insert into address values('AD_101','1599 Plock Drive','CT_534');
insert into address values('AD_102','669 Firozabad Loop','CT_12');
insert into address values('AD_103','588 Vila Velha Manor','CT_268');
insert into address values('AD_104','1913 Kamakura Place','CT_238');
insert into address values('AD_105','733 Mandaluyong Place','CT_2');
insert into address values('AD_106','659 Vaduz Drive','CT_34');
insert into address values('AD_107','1177 Jelets Way','CT_220');
insert into address values('AD_108','1386 Yangor Avenue','CT_543');
insert into address values('AD_109','454 Nakhon Sawan Boulevard','CT_173');
insert into address values('AD_110','1867 San Juan Bautista Tuxtepec Avenue','CT_225');
insert into address values('AD_111','1532 Dzerzinsk Way','CT_334');
insert into address values('AD_112','1002 Ahmadnagar Manor','CT_213');
insert into address values('AD_113','682 Junan Way','CT_273');
insert into address values('AD_114','804 Elista Drive','CT_159');
insert into address values('AD_115','1378 Alvorada Avenue','CT_102');
insert into address values('AD_116','793 Cam Ranh Avenue','CT_292');
insert into address values('AD_117','1079 Tel Aviv-Jaffa Boulevard','CT_132');
insert into address values('AD_118','442 Rae Bareli Place','CT_148');
insert into address values('AD_119','1107 Nakhon Sawan Avenue','CT_365');
insert into address values('AD_120','544 Malm Parkway','CT_403');
insert into address values('AD_121','1967 Sincelejo Place','CT_176');
insert into address values('AD_122','333 Goinia Way','CT_185');
insert into address values('AD_123','1987 Coacalco de Berriozbal Loop','CT_476');
insert into address values('AD_124','241 Mosul Lane','CT_147');
insert into address values('AD_125','211 Chiayi Drive','CT_164');
insert into address values('AD_126','1175 Tanauan Way','CT_305');
insert into address values('AD_127','117 Boa Vista Way','CT_566');
insert into address values('AD_128','848 Tafuna Manor','CT_281');
insert into address values('AD_129','569 Baicheng Lane','CT_85');
insert into address values('AD_130','1666 Qomsheh Drive','CT_410');
insert into address values('AD_131','801 Hagonoy Drive','CT_484');
insert into address values('AD_132','1050 Garden Grove Avenue','CT_236');
insert into address values('AD_133','1854 Tieli Street','CT_302');
insert into address values('AD_134','758 Junan Lane','CT_190');
insert into address values('AD_135','1752 So Leopoldo Parkway','CT_345');
insert into address values('AD_136','898 Belm Manor','CT_87');
insert into address values('AD_137','261 Saint Louis Way','CT_541');
insert into address values('AD_138','765 Southampton Drive','CT_421');
insert into address values('AD_139','943 Johannesburg Avenue','CT_417');
insert into address values('AD_140','788 Atinsk Street','CT_211');
insert into address values('AD_141','1749 Daxian Place','CT_29');
insert into address values('AD_142','1587 Sullana Lane','CT_207');
insert into address values('AD_143','1029 Dzerzinsk Manor','CT_542');
insert into address values('AD_144','1666 Beni-Mellal Place','CT_123');
insert into address values('AD_145','928 Jaffna Loop','CT_172');
insert into address values('AD_146','483 Ljubertsy Parkway','CT_149');
insert into address values('AD_147','374 Bat Yam Boulevard','CT_266');
insert into address values('AD_148','1027 Songkhla Manor','CT_340');
insert into address values('AD_149','999 Sanaa Loop','CT_491');
insert into address values('AD_150','879 Newcastle Way','CT_499');
insert into address values('AD_151','1337 Lincoln Parkway','CT_555');
insert into address values('AD_152','1952 Pune Lane','CT_442');
insert into address values('AD_153','782 Mosul Street','CT_94');
insert into address values('AD_154','781 Shimonoseki Drive','CT_202');
insert into address values('AD_155','1560 Jelets Boulevard','CT_291');
insert into address values('AD_156','1963 Moscow Place','CT_354');
insert into address values('AD_157','456 Escobar Way','CT_232');
insert into address values('AD_158','798 Cianjur Avenue','CT_590');
insert into address values('AD_159','185 Novi Sad Place','CT_72');
insert into address values('AD_160','1367 Yantai Manor','CT_381');
insert into address values('AD_161','1386 Nakhon Sawan Boulevard','CT_420');
insert into address values('AD_162','369 Papeete Way','CT_187');
insert into address values('AD_163','1440 Compton Place','CT_307');
insert into address values('AD_164','1623 Baha Blanca Manor','CT_310');
insert into address values('AD_165','97 Shimoga Avenue','CT_533');
insert into address values('AD_166','1740 Le Mans Loop','CT_297');
insert into address values('AD_167','1287 Xiangfan Boulevard','CT_253');
insert into address values('AD_168','842 Salzburg Lane','CT_529');
insert into address values('AD_169','154 Tallahassee Loop','CT_199');
insert into address values('AD_170','710 San Felipe del Progreso Avenue','CT_304');
insert into address values('AD_171','1540 Wroclaw Drive','CT_107');
insert into address values('AD_172','475 Atinsk Way','CT_240');
insert into address values('AD_173','1294 Firozabad Drive','CT_407');
insert into address values('AD_174','1877 Ezhou Lane','CT_550');
insert into address values('AD_175','316 Uruapan Street','CT_223');
insert into address values('AD_176','29 Pyongyang Loop','CT_58');
insert into address values('AD_177','1010 Klerksdorp Way','CT_186');
insert into address values('AD_178','1848 Salala Boulevard','CT_373');
insert into address values('AD_179','431 Xiangtan Avenue','CT_18');
insert into address values('AD_180','757 Rustenburg Avenue','CT_483');
insert into address values('AD_181','146 Johannesburg Way','CT_330');
insert into address values('AD_182','1891 Rizhao Boulevard','CT_456');
insert into address values('AD_183','1089 Iwatsuki Avenue','CT_270');
insert into address values('AD_184','1410 Benin City Parkway','CT_405');
insert into address values('AD_185','682 Garden Grove Place','CT_333');
insert into address values('AD_186','533 al-Ayn Boulevard','CT_126');
insert into address values('AD_187','1839 Szkesfehrvr Parkway','CT_317');
insert into address values('AD_188','741 Ambattur Manor','CT_438');
insert into address values('AD_189','927 Barcelona Street','CT_467');
insert into address values('AD_190','435 0 Way','CT_195');
insert into address values('AD_191','140 Chiayi Parkway','CT_506');
insert into address values('AD_192','1166 Changhwa Street','CT_62');
insert into address values('AD_193','891 Novi Sad Manor','CT_383');
insert into address values('AD_194','605 Rio Claro Parkway','CT_513');
insert into address values('AD_195','1077 San Felipe de Puerto Plata Place','CT_369');
insert into address values('AD_196','9 San Miguel de Tucumn Manor','CT_169');
insert into address values('AD_197','447 Surakarta Loop','CT_271');
insert into address values('AD_198','345 Oshawa Boulevard','CT_204');
insert into address values('AD_199','1792 Valle de la Pascua Place','CT_477');
insert into address values('AD_200','1074 Binzhou Manor','CT_325');
insert into address values('AD_201','817 Bradford Loop','CT_109');
insert into address values('AD_202','955 Bamenda Way','CT_218');
insert into address values('AD_203','1149 A Corua  Boulevard','CT_194');
insert into address values('AD_204','387 Mwene-Ditu Drive','CT_35');
insert into address values('AD_205','68 Molodetno Manor','CT_575');
insert into address values('AD_206','642 Nador Drive','CT_77');
insert into address values('AD_207','1688 Nador Lane','CT_184');
insert into address values('AD_208','1215 Pyongyang Parkway','CT_557');
insert into address values('AD_209','1679 Antofagasta Street','CT_122');
insert into address values('AD_210','1304 s-Hertogenbosch Way','CT_83');
insert into address values('AD_211','850 Salala Loop','CT_371');
insert into address values('AD_212','624 Oshawa Boulevard','CT_51');
insert into address values('AD_213','43 Dadu Avenue','CT_74');
insert into address values('AD_214','751 Lima Loop','CT_7');
insert into address values('AD_215','1333 Haldia Street','CT_174');
insert into address values('AD_216','660 Jedda Boulevard','CT_65');
insert into address values('AD_217','1001 Miyakonojo Lane','CT_518');
insert into address values('AD_218','226 Brest Manor','CT_508');
insert into address values('AD_219','1229 Valencia Parkway','CT_498');
insert into address values('AD_220','1201 Qomsheh Manor','CT_28');
insert into address values('AD_221','866 Shivapuri Manor','CT_448');
insert into address values('AD_222','1168 Najafabad Parkway','CT_251');
insert into address values('AD_223','1244 Allappuzha Place','CT_567');
insert into address values('AD_224','1842 Luzinia Boulevard','CT_593');
insert into address values('AD_225','1926 Gingoog Street','CT_511');
insert into address values('AD_226','810 Palghat  Boulevard','CT_235');
insert into address values('AD_227','1820 Maring Parkway','CT_324');
insert into address values('AD_228','60 Poos de Caldas Street','CT_243');
insert into address values('AD_229','1014 Loja Manor','CT_22');
insert into address values('AD_230','201 Effon-Alaiye Way','CT_37');
insert into address values('AD_231','430 Alessandria Loop','CT_439');
insert into address values('AD_232','754 Valencia Place','CT_406');
insert into address values('AD_233','356 Olomouc Manor','CT_26');
insert into address values('AD_234','1256 Bislig Boulevard','CT_86');
insert into address values('AD_235','954 Kimchon Place','CT_559');
insert into address values('AD_236','885 Yingkou Manor','CT_596');
insert into address values('AD_237','1736 Cavite Place','CT_216');
insert into address values('AD_238','346 Skikda Parkway','CT_233');
insert into address values('AD_239','98 Stara Zagora Boulevard','CT_96');
insert into address values('AD_240','1479 Rustenburg Boulevard','CT_527');
insert into address values('AD_241','647 A Corua  Street','CT_357');
insert into address values('AD_242','1964 Gijn Manor','CT_473');
insert into address values('AD_243','47 Syktyvkar Lane','CT_118');
insert into address values('AD_244','1148 Saarbrcken Parkway','CT_226');
insert into address values('AD_245','1103 Bilbays Parkway','CT_578');
insert into address values('AD_246','1246 Boksburg Parkway','CT_422');
insert into address values('AD_247','1483 Pathankot Street','CT_454');
insert into address values('AD_248','582 Papeete Loop','CT_294');
insert into address values('AD_249','300 Junan Street','CT_553');
insert into address values('AD_250','829 Grand Prairie Way','CT_328');
insert into address values('AD_251','1473 Changhwa Parkway','CT_124');
insert into address values('AD_252','1309 Weifang Street','CT_520');
insert into address values('AD_253','1760 Oshawa Manor','CT_535');
insert into address values('AD_254','786 Stara Zagora Way','CT_390');
insert into address values('AD_255','1966 Tonghae Street','CT_198');
insert into address values('AD_256','1497 Yuzhou Drive','CT_312');
insert into address values('AD_258','752 Ondo Loop','CT_338');
insert into address values('AD_259','1338 Zalantun Lane','CT_413');
insert into address values('AD_260','127 Iwakuni Boulevard','CT_192');
insert into address values('AD_261','51 Laredo Avenue','CT_342');
insert into address values('AD_262','771 Yaound Manor','CT_64');
insert into address values('AD_263','532 Toulon Street','CT_460');
insert into address values('AD_264','1027 Banjul Place','CT_197');
insert into address values('AD_265','1158 Mandi Bahauddin Parkway','CT_136');
insert into address values('AD_266','862 Xintai Lane','CT_548');
insert into address values('AD_267','816 Cayenne Parkway','CT_414');
insert into address values('AD_268','1831 Nam Dinh Loop','CT_323');
insert into address values('AD_269','446 Kirovo-Tepetsk Lane','CT_203');
insert into address values('AD_270','682 Halisahar Place','CT_378');
insert into address values('AD_271','1587 Loja Manor','CT_447');
insert into address values('AD_272','1762 Paarl Parkway','CT_298');
insert into address values('AD_273','1519 Ilorin Place','CT_395');
insert into address values('AD_274','920 Kumbakonam Loop','CT_446');
insert into address values('AD_275','906 Goinia Way','CT_255');
insert into address values('AD_276','1675 Xiangfan Manor','CT_283');
insert into address values('AD_277','85 San Felipe de Puerto Plata Drive','CT_584');
insert into address values('AD_278','144 South Hill Loop','CT_445');
insert into address values('AD_279','1884 Shikarpur Avenue','CT_263');
insert into address values('AD_280','1980 Kamjanets-Podilskyi Street','CT_404');
insert into address values('AD_281','1944 Bamenda Way','CT_573');
insert into address values('AD_282','556 Baybay Manor','CT_374');
insert into address values('AD_283','457 Tongliao Loop','CT_222');
insert into address values('AD_284','600 Bradford Street','CT_514');
insert into address values('AD_285','1006 Santa Brbara dOeste Manor','CT_389');
insert into address values('AD_286','1308 Sumy Loop','CT_175');
insert into address values('AD_287','1405 Chisinau Place','CT_411');
insert into address values('AD_288','226 Halifax Street','CT_277');
insert into address values('AD_289','1279 Udine Parkway','CT_69');
insert into address values('AD_290','1336 Benin City Drive','CT_386');
insert into address values('AD_291','1155 Liaocheng Place','CT_152');
insert into address values('AD_292','1993 Tabuk Lane','CT_522');
insert into address values('AD_293','86 Higashiosaka Lane','CT_563');
insert into address values('AD_294','1912 Allende Manor','CT_279');
insert into address values('AD_295','544 Tarsus Boulevard','CT_562');
insert into address values('AD_296','1936 Cuman Avenue','CT_433');
insert into address values('AD_297','1192 Tongliao Street','CT_470');
insert into address values('AD_298','44 Najafabad Way','CT_146');
insert into address values('AD_299','32 Pudukkottai Lane','CT_140');
insert into address values('AD_300','661 Chisinau Lane','CT_274');
insert into address values('AD_301','951 Stara Zagora Manor','CT_400');
insert into address values('AD_302','922 Vila Velha Loop','CT_9');
insert into address values('AD_303','898 Jining Lane','CT_387');
insert into address values('AD_304','1635 Kuwana Boulevard','CT_205');
insert into address values('AD_305','41 El Alto Parkway','CT_398');
insert into address values('AD_306','1883 Maikop Lane','CT_254');
insert into address values('AD_307','1908 Gaziantep Place','CT_536');
insert into address values('AD_308','687 Alessandria Parkway','CT_455');
insert into address values('AD_309','827 Yuncheng Drive','CT_99');
insert into address values('AD_310','913 Coacalco de Berriozbal Loop','CT_33');
insert into address values('AD_311','715 So Bernardo do Campo Lane','CT_507');
insert into address values('AD_312','1354 Siegen Street','CT_25');
insert into address values('AD_313','1191 Sungai Petani Boulevard','CT_262');
insert into address values('AD_314','1224 Huejutla de Reyes Boulevard','CT_91');
insert into address values('AD_315','543 Bergamo Avenue','CT_215');
insert into address values('AD_316','746 Joliet Lane','CT_286');
insert into address values('AD_317','780 Kimberley Way','CT_515');
insert into address values('AD_318','1774 Yaound Place','CT_166');
insert into address values('AD_319','1957 Yantai Lane','CT_490');
insert into address values('AD_320','1542 Lubumbashi Boulevard','CT_57');
insert into address values('AD_321','651 Pathankot Loop','CT_336');
insert into address values('AD_322','1359 Zhoushan Parkway','CT_545');
insert into address values('AD_323','1769 Iwaki Lane','CT_97');
insert into address values('AD_324','1145 Vilnius Manor','CT_451');
insert into address values('AD_325','1892 Nabereznyje Telny Lane','CT_516');
insert into address values('AD_326','470 Boksburg Street','CT_81');
insert into address values('AD_327','1427 A Corua  Place','CT_45');
insert into address values('AD_328','479 San Felipe del Progreso Avenue','CT_130');
insert into address values('AD_329','867 Benin City Avenue','CT_591');
insert into address values('AD_330','981 Kumbakonam Place','CT_89');
insert into address values('AD_331','1016 Iwakuni Street','CT_269');
insert into address values('AD_332','663 Baha Blanca Parkway','CT_5');
insert into address values('AD_333','1860 Taguig Loop','CT_119');
insert into address values('AD_334','1816 Bydgoszcz Loop','CT_234');
insert into address values('AD_335','587 Benguela Manor','CT_42');
insert into address values('AD_336','430 Kumbakonam Drive','CT_457');
insert into address values('AD_337','1838 Tabriz Lane','CT_143');
insert into address values('AD_338','431 Szkesfehrvr Avenue','CT_48');
insert into address values('AD_339','503 Sogamoso Loop','CT_505');
insert into address values('AD_340','507 Smolensk Loop','CT_492');
insert into address values('AD_341','1920 Weifang Avenue','CT_427');
insert into address values('AD_342','124 al-Manama Way','CT_382');
insert into address values('AD_343','1443 Mardan Street','CT_392');
insert into address values('AD_344','1909 Benguela Lane','CT_581');
insert into address values('AD_345','68 Ponce Parkway','CT_201');
insert into address values('AD_346','1217 Konotop Avenue','CT_151');
insert into address values('AD_347','1293 Nam Dinh Way','CT_84');
insert into address values('AD_348','785 Vaduz Street','CT_335');
insert into address values('AD_349','1516 Escobar Drive','CT_370');
insert into address values('AD_350','1628 Nagareyama Lane','CT_453');
insert into address values('AD_351','1157 Nyeri Loop','CT_320');
insert into address values('AD_352','1673 Tangail Drive','CT_137');
insert into address values('AD_353','381 Kabul Way','CT_209');
insert into address values('AD_354','953 Hodeida Street','CT_221');
insert into address values('AD_355','469 Nakhon Sawan Street','CT_531');
insert into address values('AD_356','1378 Beira Loop','CT_597');
insert into address values('AD_357','1641 Changhwa Place','CT_52');
insert into address values('AD_358','1698 Southport Loop','CT_393');
insert into address values('AD_359','519 Nyeri Manor','CT_461');
insert into address values('AD_360','619 Hunuco Avenue','CT_331');
insert into address values('AD_361','45 Aparecida de Goinia Place','CT_464');
insert into address values('AD_362','482 Kowloon and New Kowloon Manor','CT_90');
insert into address values('AD_363','604 Bern Place','CT_429');
insert into address values('AD_364','1623 Kingstown Drive','CT_20');
insert into address values('AD_365','1009 Zanzibar Lane','CT_32');
insert into address values('AD_366','114 Jalib al-Shuyukh Manor','CT_585');
insert into address values('AD_367','1163 London Parkway','CT_66');
insert into address values('AD_368','1658 Jastrzebie-Zdrj Loop','CT_372');
insert into address values('AD_369','817 Laredo Avenue','CT_188');
insert into address values('AD_370','1565 Tangail Manor','CT_377');
insert into address values('AD_371','1912 Emeishan Drive','CT_50');
insert into address values('AD_372','230 Urawa Drive','CT_8');
insert into address values('AD_373','1922 Miraj Way','CT_356');
insert into address values('AD_374','433 Florencia Street','CT_250');
insert into address values('AD_375','1049 Matamoros Parkway','CT_191');
insert into address values('AD_376','1061 Ede Avenue','CT_98');
insert into address values('AD_377','154 Oshawa Manor','CT_415');
insert into address values('AD_378','1191 Tandil Drive','CT_523');
insert into address values('AD_379','1133 Rizhao Avenue','CT_572');
insert into address values('AD_380','1519 Santiago de los Caballeros Loop','CT_348');
insert into address values('AD_381','1618 Olomouc Manor','CT_285');
insert into address values('AD_382','220 Hidalgo Drive','CT_265');
insert into address values('AD_383','686 Donostia-San Sebastin Lane','CT_471');
insert into address values('AD_384','97 Mogiljov Lane','CT_73');
insert into address values('AD_385','1642 Charlotte Amalie Drive','CT_549');
insert into address values('AD_386','1368 Maracabo Boulevard','CT_493');
insert into address values('AD_387','401 Sucre Boulevard','CT_322');
insert into address values('AD_388','368 Hunuco Boulevard','CT_360');
insert into address values('AD_389','500 Lincoln Parkway','CT_210');
insert into address values('AD_390','102 Chapra Drive','CT_521');
insert into address values('AD_391','1793 Meixian Place','CT_258');
insert into address values('AD_392','514 Ife Way','CT_315');
insert into address values('AD_393','717 Changzhou Lane','CT_104');
insert into address values('AD_394','753 Ilorin Avenue','CT_157');
insert into address values('AD_395','1337 Mit Ghamr Avenue','CT_358');
insert into address values('AD_396','767 Pyongyang Drive','CT_229');
insert into address values('AD_397','614 Pak Kret Street','CT_6');
insert into address values('AD_398','954 Lapu-Lapu Way','CT_278');
insert into address values('AD_399','331 Bydgoszcz Parkway','CT_181');
insert into address values('AD_400','1152 Citrus Heights Manor','CT_15');
insert into address values('AD_401','168 Cianjur Manor','CT_228');
insert into address values('AD_402','616 Hagonoy Avenue','CT_39');
insert into address values('AD_403','1190 0 Place','CT_44');
insert into address values('AD_404','734 Bchar Place','CT_375');
insert into address values('AD_405','530 Lausanne Lane','CT_135');
insert into address values('AD_406','454 Patiala Lane','CT_276');
insert into address values('AD_407','1346 Mysore Drive','CT_92');
insert into address values('AD_408','990 Etawah Loop','CT_564');
insert into address values('AD_409','1266 Laredo Parkway','CT_380');
insert into address values('AD_410','88 Nagaon Manor','CT_524');
insert into address values('AD_411','264 Bhimavaram Manor','CT_111');
insert into address values('AD_412','1639 Saarbrcken Drive','CT_437');
insert into address values('AD_413','692 Amroha Drive','CT_230');
insert into address values('AD_414','1936 Lapu-Lapu Parkway','CT_141');
insert into address values('AD_415','432 Garden Grove Street','CT_430');
insert into address values('AD_416','1445 Carmen Parkway','CT_117');
insert into address values('AD_417','791 Salinas Street','CT_208');
insert into address values('AD_418','126 Acua Parkway','CT_71');
insert into address values('AD_419','397 Sunnyvale Avenue','CT_19');
insert into address values('AD_420','992 Klerksdorp Loop','CT_23');
insert into address values('AD_421','966 Arecibo Loop','CT_134');
insert into address values('AD_422','289 Santo Andr Manor','CT_16');
insert into address values('AD_423','437 Chungho Drive','CT_450');
insert into address values('AD_424','1948 Bayugan Parkway','CT_264');
insert into address values('AD_425','1866 al-Qatif Avenue','CT_155');
insert into address values('AD_426','1661 Abha Drive','CT_416');
insert into address values('AD_427','1557 Cape Coral Parkway','CT_293');
insert into address values('AD_428','1727 Matamoros Place','CT_465');
insert into address values('AD_429','1269 Botosani Manor','CT_468');
insert into address values('AD_430','355 Vitria de Santo Anto Way','CT_452');
insert into address values('AD_431','1596 Acua Parkway','CT_418');
insert into address values('AD_432','259 Ipoh Drive','CT_189');
insert into address values('AD_433','1823 Hoshiarpur Lane','CT_510');
insert into address values('AD_434','1404 Taguig Drive','CT_547');
insert into address values('AD_435','740 Udaipur Lane','CT_150');
insert into address values('AD_436','287 Cuautla Boulevard','CT_501');
insert into address values('AD_437','1766 Almirante Brown Street','CT_364');
insert into address values('AD_438','596 Huixquilucan Place','CT_351');
insert into address values('AD_439','1351 Aparecida de Goinia Parkway','CT_391');
insert into address values('AD_440','722 Bradford Lane','CT_249');
insert into address values('AD_441','983 Santa F Way','CT_565');
insert into address values('AD_442','1245 Ibirit Way','CT_290');
insert into address values('AD_443','1836 Korla Parkway','CT_272');
insert into address values('AD_444','231 Kaliningrad Place','CT_70');
insert into address values('AD_445','495 Bhimavaram Lane','CT_144');
insert into address values('AD_446','1924 Shimonoseki Drive','CT_59');
insert into address values('AD_447','105 Dzerzinsk Manor','CT_540');
insert into address values('AD_448','614 Denizli Parkway','CT_486');
insert into address values('AD_449','1289 Belm Boulevard','CT_530');
insert into address values('AD_450','203 Tambaram Street','CT_161');
insert into address values('AD_451','1704 Tambaram Manor','CT_554');
insert into address values('AD_452','207 Cuernavaca Loop','CT_352');
insert into address values('AD_453','319 Springs Loop','CT_160');
insert into address values('AD_454','956 Nam Dinh Manor','CT_481');
insert into address values('AD_455','1947 Paarl Way','CT_509');
insert into address values('AD_456','814 Simferopol Loop','CT_154');
insert into address values('AD_457','535 Ahmadnagar Manor','CT_3');
insert into address values('AD_458','138 Caracas Boulevard','CT_326');
insert into address values('AD_459','251 Florencia Drive','CT_556');
insert into address values('AD_460','659 Gatineau Boulevard','CT_153');
insert into address values('AD_461','1889 Valparai Way','CT_600');
insert into address values('AD_462','1485 Bratislava Place','CT_435');
insert into address values('AD_463','935 Aden Boulevard','CT_532');
insert into address values('AD_464','76 Kermanshah Manor','CT_423');
insert into address values('AD_465','734 Tanshui Avenue','CT_170');
insert into address values('AD_466','118 Jaffna Loop','CT_182');
insert into address values('AD_467','1621 Tongliao Avenue','CT_558');
insert into address values('AD_468','1844 Usak Avenue','CT_196');
insert into address values('AD_469','1872 Toulon Loop','CT_428');
insert into address values('AD_470','1088 Ibirit Place','CT_595');
insert into address values('AD_471','1322 Mosul Parkway','CT_145');
insert into address values('AD_472','1447 Chatsworth Place','CT_129');
insert into address values('AD_473','1257 Guadalajara Street','CT_78');
insert into address values('AD_474','1469 Plock Lane','CT_388');
insert into address values('AD_475','434 Ourense  Manor','CT_206');
insert into address values('AD_476','270 Tambaram Parkway','CT_244');
insert into address values('AD_477','1786 Salinas Place','CT_359');
insert into address values('AD_478','1078 Stara Zagora Drive','CT_301');
insert into address values('AD_479','1854 Okara Boulevard','CT_158');
insert into address values('AD_480','421 Yaound Street','CT_385');
insert into address values('AD_481','1153 Allende Way','CT_179');
insert into address values('AD_482','808 Naala-Porto Parkway','CT_500');
insert into address values('AD_483','632 Usolje-Sibirskoje Parkway','CT_36');
insert into address values('AD_484','98 Pyongyang Boulevard','CT_11');
insert into address values('AD_485','984 Novoterkassk Loop','CT_180');
insert into address values('AD_486','64 Korla Street','CT_347');
insert into address values('AD_487','1785 So Bernardo do Campo Street','CT_125');
insert into address values('AD_488','698 Jelets Boulevard','CT_142');
insert into address values('AD_489','1297 Alvorada Parkway','CT_587');
insert into address values('AD_490','1909 Dayton Avenue','CT_469');
insert into address values('AD_491','1789 Saint-Denis Parkway','CT_4');
insert into address values('AD_492','185 Mannheim Lane','CT_408');
insert into address values('AD_493','184 Mandaluyong Street','CT_288');
insert into address values('AD_494','591 Sungai Petani Drive','CT_376');
insert into address values('AD_495','656 Matamoros Drive','CT_487');
insert into address values('AD_496','775 ostka Drive','CT_337');
insert into address values('AD_497','1013 Tabuk Boulevard','CT_261');
insert into address values('AD_498','319 Plock Parkway','CT_504');
insert into address values('AD_499','1954 Kowloon and New Kowloon Way','CT_434');
insert into address values('AD_500','362 Rajkot Lane','CT_47');
insert into address values('AD_501','1060 Tandil Lane','CT_432');
insert into address values('AD_502','1515 Korla Way','CT_589');
insert into address values('AD_503','1416 San Juan Bautista Tuxtepec Avenue','CT_444');
insert into address values('AD_504','1 Valle de Santiago Avenue','CT_93');
insert into address values('AD_505','519 Brescia Parkway','CT_318');
insert into address values('AD_506','414 Mandaluyong Street','CT_314');
insert into address values('AD_507','1197 Sokoto Boulevard','CT_478');
insert into address values('AD_508','496 Celaya Drive','CT_552');
insert into address values('AD_509','786 Matsue Way','CT_245');
insert into address values('AD_510','48 Maracabo Place','CT_519');
insert into address values('AD_511','1152 al-Qatif Lane','CT_412');
insert into address values('AD_512','1269 Ipoh Avenue','CT_163');
insert into address values('AD_513','758 Korolev Parkway','CT_568');
insert into address values('AD_514','1747 Rustenburg Place','CT_110');
insert into address values('AD_515','886 Tonghae Place','CT_259');
insert into address values('AD_516','1574 Goinia Boulevard','CT_502');
insert into address values('AD_517','548 Uruapan Street','CT_312');
insert into address values('AD_519','962 Tama Loop','CT_583');
insert into address values('AD_520','1778 Gijn Manor','CT_594');
insert into address values('AD_521','568 Dhule  Loop','CT_127');
insert into address values('AD_522','1768 Udine Loop','CT_60');
insert into address values('AD_523','608 Birgunj Parkway','CT_116');
insert into address values('AD_524','680 A Corua  Manor','CT_482');
insert into address values('AD_525','1949 Sanya Street','CT_224');
insert into address values('AD_526','617 Klerksdorp Place','CT_366');
insert into address values('AD_527','1993 0 Loop','CT_588');
insert into address values('AD_528','1176 Southend-on-Sea Manor','CT_458');
insert into address values('AD_529','600 Purnea  Avenue','CT_571');
insert into address values('AD_530','1003 Qinhuangdao Street','CT_419');
insert into address values('AD_531','1986 Sivas Place','CT_551');
insert into address values('AD_532','1427 Tabuk Place','CT_101');
insert into address values('AD_533','556 Asuncin Way','CT_339');
insert into address values('AD_534','486 Ondo Parkway','CT_67');
insert into address values('AD_535','635 Brest Manor','CT_75');
insert into address values('AD_536','166 Jinchang Street','CT_165');
insert into address values('AD_537','958 Sagamihara Lane','CT_287');
insert into address values('AD_538','1817 Livorno Way','CT_100');
insert into address values('AD_539','1332 Gaziantep Lane','CT_80');
insert into address values('AD_540','949 Allende Lane','CT_24');
insert into address values('AD_541','195 Ilorin Street','CT_363');
insert into address values('AD_542','193 Bhusawal Place','CT_539');
insert into address values('AD_543','43 Vilnius Manor','CT_42');
insert into address values('AD_544','183 Haiphong Street','CT_46');
insert into address values('AD_545','163 Augusta-Richmond County Loop','CT_561');
insert into address values('AD_546','191 Jos Azueta Parkway','CT_436');
insert into address values('AD_547','379 Lublin Parkway','CT_309');
insert into address values('AD_548','1658 Cuman Loop','CT_396');
insert into address values('AD_549','454 Qinhuangdao Drive','CT_68');
insert into address values('AD_550','1715 Okayama Street','CT_485');
insert into address values('AD_551','182 Nukualofa Drive','CT_275');
insert into address values('AD_552','390 Wroclaw Way','CT_462');
insert into address values('AD_553','1421 Quilmes Lane','CT_260');
insert into address values('AD_554','947 Trshavn Place','CT_528');
insert into address values('AD_555','1764 Jalib al-Shuyukh Parkway','CT_459');
insert into address values('AD_556','346 Cam Ranh Avenue','CT_599');
insert into address values('AD_557','1407 Pachuca de Soto Place','CT_21');
insert into address values('AD_558','904 Clarksville Drive','CT_193');
insert into address values('AD_559','1917 Kumbakonam Parkway','CT_368');
insert into address values('AD_560','1447 Imus Place','CT_426');
insert into address values('AD_561','1497 Fengshan Drive','CT_112');
insert into address values('AD_562','869 Shikarpur Way','CT_496');
insert into address values('AD_563','1059 Yuncheng Avenue','CT_570');
insert into address values('AD_564','505 Madiun Boulevard','CT_577');
insert into address values('AD_565','1741 Hoshiarpur Boulevard','CT_79');
insert into address values('AD_566','1229 Varanasi  Manor','CT_43');
insert into address values('AD_567','1894 Boa Vista Way','CT_178');
insert into address values('AD_568','1342 Sharja Way','CT_488');
insert into address values('AD_569','1342 Abha Boulevard','CT_95');
insert into address values('AD_570','415 Pune Avenue','CT_580');
insert into address values('AD_571','1746 Faaa Way','CT_214');
insert into address values('AD_572','539 Hami Way','CT_538');
insert into address values('AD_573','1407 Surakarta Manor','CT_466');
insert into address values('AD_574','502 Mandi Bahauddin Parkway','CT_55');
insert into address values('AD_575','1052 Pathankot Avenue','CT_299');
insert into address values('AD_576','1351 Sousse Lane','CT_341');
insert into address values('AD_577','1501 Pangkal Pinang Avenue','CT_409');
insert into address values('AD_578','1405 Hagonoy Avenue','CT_133');
insert into address values('AD_579','521 San Juan Bautista Tuxtepec Place','CT_598');
insert into address values('AD_580','923 Tangail Boulevard','CT_10');
insert into address values('AD_581','186 Skikda Lane','CT_131');
insert into address values('AD_582','1568 Celaya Parkway','CT_168');
insert into address values('AD_583','1489 Kakamigahara Lane','CT_526');
insert into address values('AD_584','1819 Alessandria Loop','CT_103');
insert into address values('AD_585','1208 Tama Loop','CT_344');
insert into address values('AD_586','951 Springs Lane','CT_219');
insert into address values('AD_587','760 Miyakonojo Drive','CT_246');
insert into address values('AD_588','966 Asuncin Way','CT_212');
insert into address values('AD_589','1584 Ljubertsy Lane','CT_494');
insert into address values('AD_590','247 Jining Parkway','CT_54');
insert into address values('AD_591','773 Dallas Manor','CT_424');
insert into address values('AD_592','1923 Stara Zagora Lane','CT_546');
insert into address values('AD_593','1402 Zanzibar Boulevard','CT_106');
insert into address values('AD_594','1464 Kursk Parkway','CT_574');
insert into address values('AD_595','1074 Sanaa Parkway','CT_311');
insert into address values('AD_596','1759 Niznekamsk Avenue','CT_14');
insert into address values('AD_597','32 Liaocheng Way','CT_248');
insert into address values('AD_598','42 Fontana Avenue','CT_512');
insert into address values('AD_599','1895 Zhezqazghan Drive','CT_177');
insert into address values('AD_600','1837 Kaduna Parkway','CT_241');
insert into address values('AD_601','844 Bucuresti Place','CT_242');
insert into address values('AD_602','1101 Bucuresti Boulevard','CT_401');
insert into address values('AD_603','1103 Quilmes Boulevard','CT_503');
insert into address values('AD_604','1331 Usak Boulevard','CT_296');
insert into address values('AD_605','1325 Fukuyama Street','CT_537');

--CC_Debit
insert into CC_Debit values(111111,'TD000001','2021-02-01',1000,'Online','Success');
insert into CC_Debit values(111111,'TD000002','2021-02-01',500,'Food','Success');
insert into CC_Debit values(111111,'TD000003','2021-02-02',2000,'Travel','Success');
insert into CC_Debit values(111112,'TD000004','2021-02-01',1000,'Online','Success');
insert into CC_Debit values(111112,'TD000005','2021-02-02',500,'Food','Success');
insert into CC_Debit values(111112,'TD000006','2021-02-02',1500,'Travel','Success');
insert into CC_Debit values(111112,'TD000007','2021-02-03',2000,'Fuel','Success');

--CC_Paid
insert into CC_Paid values(111111,'RX_0000001','2021-02-10',2000,'success','NET');
insert into CC_Paid values(111112,'RX_0000002','2021-02-10',2000,'success','APP');

--Tx_Type
insert into Tx_Type values('NET','Netbanking');
insert into Tx_Type values('APP','Bank Application');
insert into Tx_Type values('PTM','Paytm');
insert into Tx_Type values('RWD','Reward');
insert into Tx_Type values('BR','Through Branch');
insert into Tx_Type values('AUTO','Auto pay using bank AC');

--CARD_TYPE
insert into Card_Type values('Platinum',50000);
insert into Card_Type values('Visa',150000);
insert into Card_Type values('Gold',100000);
insert into Card_Type values('Classic',25000);
insert into Card_Type values('Titanium',125000);
insert into Card_Type values('Silver',75000);
insert into Card_Type values('Business',500000);

--CARD
insert into Card values(111111,'MARY SMITH',54321,'MARY.SMITH@sakilacustomer.org','2021-01-01','2021-01-01','2026-01-01',1,45000,'A','AD_5','Platinum');
insert into Card values(111112,'PATRICIA JOHNSON',54322,'PATRICIA.JOHNSON@sakilacustomer.org','2021-01-01','2021-01-01','2026-01-01',1,120000,'A','AD_6','Visa');
insert into Card values(111113,'LINDA WILLIAMS',54323,'LINDA.WILLIAMS@sakilacustomer.org','2021-01-01','2021-01-01','2026-01-01',1,90000,'A','AD_7','Gold');
insert into Card values(111114,'BARBARA JONES',54324,'BARBARA.JONES@sakilacustomer.org','2021-01-01','2021-01-01','2026-01-01',1,25000,'A','AD_8','Classic');
insert into Card values(111115,'ELIZABETH BROWN',54325,'ELIZABETH.BROWN@sakilacustomer.org','2021-01-01','2021-01-01','2026-01-01',1,100000,'A','AD_9','Titanium');
insert into Card values(111116,'JENNIFER DAVIS',54326,'JENNIFER.DAVIS@sakilacustomer.org','2021-01-01','2021-01-01','2026-01-01',1,75000,'A','AD_10','Silver');
insert into Card values(111117,'MARIA MILLER',54327,'MARIA.MILLER@sakilacustomer.org','2021-01-01','2021-01-01','2026-01-01',1,400000,'A','AD_11','Business');
insert into Card values(111118,'SUSAN WILSON',54328,'SUSAN.WILSON@sakilacustomer.org','2021-01-01','2021-01-01','2026-01-01',1,45000,'A','AD_12','Platinum');
insert into Card values(111119,'MARGARET MOORE',54329,'MARGARET.MOORE@sakilacustomer.org','2021-01-01','2021-01-01','2026-01-01',1,120000,'A','AD_13','Visa');
insert into Card values(111120,'DOROTHY TAYLOR',54330,'DOROTHY.TAYLOR@sakilacustomer.org','2021-01-01','2021-01-01','2026-01-01',1,90000,'A','AD_14','Gold');
insert into Card values(111121,'LISA ANDERSON',54331,'LISA.ANDERSON@sakilacustomer.org','2021-01-01','2021-01-01','2026-01-01',1,25000,'A','AD_15','Classic');
insert into Card values(111122,'NANCY THOMAS',54332,'NANCY.THOMAS@sakilacustomer.org','2021-01-01','2021-01-01','2026-01-01',1,100000,'A','AD_16','Titanium');
insert into Card values(111123,'KAREN JACKSON',54333,'KAREN.JACKSON@sakilacustomer.org','2021-01-01','2021-01-01','2026-01-01',1,75000,'A','AD_17','Silver');
insert into Card values(111124,'BETTY WHITE',54334,'BETTY.WHITE@sakilacustomer.org','2021-01-01','2021-01-01','2026-01-01',1,400000,'A','AD_18','Business');
insert into Card values(111125,'HELEN HARRIS',54335,'HELEN.HARRIS@sakilacustomer.org','2021-01-01','2021-01-01','2026-01-01',1,45000,'A','AD_19','Platinum');
insert into Card values(111126,'SANDRA MARTIN',54336,'SANDRA.MARTIN@sakilacustomer.org','2021-01-01','2021-01-01','2026-01-01',1,120000,'A','AD_20','Visa');
insert into Card values(111127,'DONNA THOMPSON',54337,'DONNA.THOMPSON@sakilacustomer.org','2021-01-01','2021-01-01','2026-01-01',1,90000,'A','AD_21','Gold');
insert into Card values(111128,'CAROL GARCIA',54338,'CAROL.GARCIA@sakilacustomer.org','2021-01-01','2021-01-01','2026-01-01',1,25000,'A','AD_22','Classic');
insert into Card values(111129,'RUTH MARTINEZ',54339,'RUTH.MARTINEZ@sakilacustomer.org','2021-01-01','2021-01-01','2026-01-01',1,100000,'A','AD_23','Titanium');
insert into Card values(111130,'SHARON ROBINSON',54340,'SHARON.ROBINSON@sakilacustomer.org','2021-01-01','2021-01-01','2026-01-01',1,75000,'A','AD_24','Silver');
insert into Card values(111131,'MICHELLE CLARK',54341,'MICHELLE.CLARK@sakilacustomer.org','2021-01-01','2021-01-01','2026-01-01',1,400000,'I','AD_25','Business');
insert into Card values(111132,'LAURA RODRIGUEZ',54342,'LAURA.RODRIGUEZ@sakilacustomer.org','2021-01-01','2021-01-01','2026-01-01',1,45000,'I','AD_26','Platinum');
insert into Card values(111133,'SARAH LEWIS',54343,'SARAH.LEWIS@sakilacustomer.org','2021-01-01','2021-01-01','2026-01-01',1,120000,'I','AD_27','Visa');
insert into Card values(111134,'KIMBERLY LEE',54344,'KIMBERLY.LEE@sakilacustomer.org','2021-01-01','2021-01-01','2026-01-01',1,90000,'I','AD_28','Gold');
insert into Card values(111135,'DEBORAH WALKER',54345,'DEBORAH.WALKER@sakilacustomer.org','2021-01-01','2021-01-01','2026-01-01',1,25000,'I','AD_29','Classic');
insert into Card values(111136,'JESSICA HALL',54346,'JESSICA.HALL@sakilacustomer.org','2021-01-01','2021-01-01','2026-01-01',1,100000,'I','AD_30','Titanium');
insert into Card values(111137,'SHIRLEY ALLEN',54347,'SHIRLEY.ALLEN@sakilacustomer.org','2021-01-01','2021-01-01','2026-01-01',1,75000,'I','AD_31','Silver');
insert into Card values(111138,'CYNTHIA YOUNG',54348,'CYNTHIA.YOUNG@sakilacustomer.org','2021-01-01','2021-01-01','2026-01-01',1,400000,'I','AD_32','Business');
insert into Card values(111139,'ANGELA HERNANDEZ',54349,'ANGELA.HERNANDEZ@sakilacustomer.org','2021-01-01','2021-01-01','2026-01-01',1,45000,'I','AD_33','Platinum');
insert into Card values(111140,'MELISSA KING',54350,'MELISSA.KING@sakilacustomer.org','2021-01-01','2021-01-01','2026-01-01',1,120000,'I','AD_34','Visa');
insert into Card values(111141,'BRENDA WRIGHT',54351,'BRENDA.WRIGHT@sakilacustomer.org','2021-01-01','2021-01-01','2026-01-01',1,90000,'I','AD_35','Gold');
insert into Card values(111142,'AMY LOPEZ',54352,'AMY.LOPEZ@sakilacustomer.org','2021-01-01','2021-01-01','2026-01-01',1,25000,'I','AD_36','Classic');
insert into Card values(111143,'ANNA HILL',54353,'ANNA.HILL@sakilacustomer.org','2021-01-01','2021-01-01','2026-01-01',1,100000,'I','AD_37','Titanium');
insert into Card values(111144,'REBECCA SCOTT',54354,'REBECCA.SCOTT@sakilacustomer.org','2021-01-01','2021-01-01','2026-01-01',1,75000,'I','AD_38','Silver');
insert into Card values(111145,'VIRGINIA GREEN',54355,'VIRGINIA.GREEN@sakilacustomer.org','2021-01-01','2021-01-01','2026-01-01',1,400000,'I','AD_39','Business');
insert into Card values(111146,'KATHLEEN ADAMS',54356,'KATHLEEN.ADAMS@sakilacustomer.org','2021-01-01','2021-01-01','2026-01-01',1,45000,'I','AD_40','Platinum');
insert into Card values(111147,'PAMELA BAKER',54357,'PAMELA.BAKER@sakilacustomer.org','2021-01-01','2021-01-01','2026-01-01',1,120000,'I','AD_41','Visa');
insert into Card values(111148,'MARTHA GONZALEZ',54358,'MARTHA.GONZALEZ@sakilacustomer.org','2021-01-01','2021-01-01','2026-01-01',1,90000,'I','AD_42','Gold');
insert into Card values(111149,'DEBRA NELSON',54359,'DEBRA.NELSON@sakilacustomer.org','2021-01-01','2021-01-01','2026-01-01',1,25000,'I','AD_43','Classic');
insert into Card values(111150,'AMANDA CARTER',54360,'AMANDA.CARTER@sakilacustomer.org','2021-01-01','2021-01-01','2026-01-01',1,100000,'I','AD_44','Titanium');
insert into Card values(111151,'STEPHANIE MITCHELL',54361,'STEPHANIE.MITCHELL@sakilacustomer.org','2021-01-01','2021-01-01','2026-01-01',1,75000,'I','AD_45','Silver');
insert into Card values(111152,'CAROLYN PEREZ',54362,'CAROLYN.PEREZ@sakilacustomer.org','2021-01-01','2021-01-01','2026-01-01',1,400000,'I','AD_46','Business');
insert into Card values(111153,'CHRISTINE ROBERTS',54363,'CHRISTINE.ROBERTS@sakilacustomer.org','2021-01-01','2021-01-01','2026-01-01',1,45000,'I','AD_47','Platinum');
insert into Card values(111154,'MARIE TURNER',54364,'MARIE.TURNER@sakilacustomer.org','2021-01-01','2021-01-01','2026-01-01',1,120000,'I','AD_48','Visa');
insert into Card values(111155,'JANET PHILLIPS',54365,'JANET.PHILLIPS@sakilacustomer.org','2021-01-01','2021-01-01','2026-01-01',1,90000,'I','AD_49','Gold');
insert into Card values(111156,'CATHERINE CAMPBELL',54366,'CATHERINE.CAMPBELL@sakilacustomer.org','2021-01-01','2021-01-01','2026-01-01',1,25000,'I','AD_50','Classic');
insert into Card values(111157,'FRANCES PARKER',54367,'FRANCES.PARKER@sakilacustomer.org','2021-01-01','2021-01-01','2026-01-01',1,100000,'I','AD_51','Titanium');
insert into Card values(111158,'ANN EVANS',54368,'ANN.EVANS@sakilacustomer.org','2021-01-01','2021-01-01','2026-01-01',1,75000,'I','AD_52','Silver');
insert into Card values(111159,'JOYCE EDWARDS',54369,'JOYCE.EDWARDS@sakilacustomer.org','2021-01-01','2021-01-01','2026-01-01',1,400000,'I','AD_53','Business');
insert into Card values(111160,'DIANE COLLINS',54370,'DIANE.COLLINS@sakilacustomer.org','2021-01-01','2021-01-01','2026-01-01',17,45000,'I','AD_54','Platinum');
insert into Card values(111161,'ALICE STEWART',54371,'ALICE.STEWART@sakilacustomer.org','2021-01-01','2021-01-01','2026-01-01',17,120000,'I','AD_55','Visa');
insert into Card values(111162,'JULIE SANCHEZ',54372,'JULIE.SANCHEZ@sakilacustomer.org','2021-01-01','2021-01-01','2026-01-01',17,90000,'I','AD_56','Gold');
insert into Card values(111163,'HEATHER MORRIS',54373,'HEATHER.MORRIS@sakilacustomer.org','2021-01-01','2021-01-01','2026-01-01',17,25000,'I','AD_57','Classic');
insert into Card values(111164,'TERESA ROGERS',54374,'TERESA.ROGERS@sakilacustomer.org','2021-01-01','2021-01-01','2026-01-01',17,100000,'I','AD_58','Titanium');
insert into Card values(111165,'DORIS REED',54375,'DORIS.REED@sakilacustomer.org','2021-01-01','2021-01-01','2026-01-01',17,75000,'I','AD_59','Silver');
insert into Card values(111166,'GLORIA COOK',54376,'GLORIA.COOK@sakilacustomer.org','2021-01-01','2021-01-01','2026-01-01',17,400000,'I','AD_60','Business');
insert into Card values(111167,'EVELYN MORGAN',54377,'EVELYN.MORGAN@sakilacustomer.org','2021-01-01','2021-01-01','2026-01-01',17,45000,'I','AD_61','Platinum');
insert into Card values(111168,'JEAN BELL',54378,'JEAN.BELL@sakilacustomer.org','2021-01-01','2021-01-01','2026-01-01',17,120000,'I','AD_62','Visa');
insert into Card values(111169,'CHERYL MURPHY',54379,'CHERYL.MURPHY@sakilacustomer.org','2021-01-01','2021-01-01','2026-01-01',17,90000,'I','AD_63','Gold');
insert into Card values(111170,'MILDRED BAILEY',54380,'MILDRED.BAILEY@sakilacustomer.org','2021-01-01','2021-01-01','2026-01-01',17,25000,'I','AD_64','Classic');
insert into Card values(111171,'KATHERINE RIVERA',54381,'KATHERINE.RIVERA@sakilacustomer.org','2021-01-01','2021-01-01','2026-01-01',17,100000,'I','AD_65','Titanium');
insert into Card values(111172,'JOAN COOPER',54382,'JOAN.COOPER@sakilacustomer.org','2021-01-01','2021-01-01','2026-01-01',17,75000,'I','AD_66','Silver');
insert into Card values(111173,'ASHLEY RICHARDSON',54383,'ASHLEY.RICHARDSON@sakilacustomer.org','2021-01-01','2021-01-01','2026-01-01',17,400000,'I','AD_67','Business');
insert into Card values(111174,'JUDITH COX',54384,'JUDITH.COX@sakilacustomer.org','2021-01-01','2021-01-01','2026-01-01',17,45000,'I','AD_68','Platinum');
insert into Card values(111175,'ROSE HOWARD',54385,'ROSE.HOWARD@sakilacustomer.org','2021-01-01','2021-01-01','2026-01-01',17,120000,'I','AD_69','Visa');
insert into Card values(111176,'JANICE WARD',54386,'JANICE.WARD@sakilacustomer.org','2021-01-01','2021-01-01','2026-01-01',17,90000,'I','AD_70','Gold');
insert into Card values(111177,'KELLY TORRES',54387,'KELLY.TORRES@sakilacustomer.org','2021-01-01','2021-01-01','2026-01-01',17,25000,'I','AD_71','Classic');
insert into Card values(111178,'NICOLE PETERSON',54388,'NICOLE.PETERSON@sakilacustomer.org','2021-01-01','2021-01-01','2026-01-01',17,100000,'I','AD_72','Titanium');
insert into Card values(111179,'JUDY GRAY',54389,'JUDY.GRAY@sakilacustomer.org','2021-01-01','2021-01-01','2026-01-01',17,75000,'I','AD_73','Silver');
insert into Card values(111180,'CHRISTINA RAMIREZ',54390,'CHRISTINA.RAMIREZ@sakilacustomer.org','2021-01-01','2021-01-01','2026-01-01',17,400000,'I','AD_74','Business');
insert into Card values(111181,'KATHY JAMES',54391,'KATHY.JAMES@sakilacustomer.org','2021-01-01','2021-01-01','2026-01-01',17,45000,'I','AD_75','Platinum');
insert into Card values(111182,'THERESA WATSON',54392,'THERESA.WATSON@sakilacustomer.org','2021-01-01','2021-01-01','2026-01-01',17,120000,'I','AD_76','Visa');
insert into Card values(111183,'BEVERLY BROOKS',54393,'BEVERLY.BROOKS@sakilacustomer.org','2021-01-01','2021-01-01','2026-01-01',17,90000,'I','AD_77','Gold');
insert into Card values(111184,'DENISE KELLY',54394,'DENISE.KELLY@sakilacustomer.org','2021-01-01','2021-01-01','2026-01-01',17,25000,'I','AD_78','Classic');
insert into Card values(111185,'TAMMY SANDERS',54395,'TAMMY.SANDERS@sakilacustomer.org','2021-01-01','2021-01-01','2026-01-01',17,100000,'I','AD_79','Titanium');
insert into Card values(111186,'IRENE PRICE',54396,'IRENE.PRICE@sakilacustomer.org','2021-01-01','2021-01-01','2026-01-01',17,75000,'I','AD_80','Silver');
insert into Card values(111187,'JANE BENNETT',54397,'JANE.BENNETT@sakilacustomer.org','2021-01-01','2021-01-01','2026-01-01',17,400000,'I','AD_81','Business');
insert into Card values(111188,'LORI WOOD',54398,'LORI.WOOD@sakilacustomer.org','2021-01-01','2021-01-01','2026-01-01',17,45000,'I','AD_82','Platinum');
insert into Card values(111189,'RACHEL BARNES',54399,'RACHEL.BARNES@sakilacustomer.org','2021-01-01','2021-01-01','2026-01-01',17,120000,'I','AD_83','Visa');
insert into Card values(111190,'MARILYN ROSS',54400,'MARILYN.ROSS@sakilacustomer.org','2021-01-01','2021-01-01','2026-01-01',17,90000,'I','AD_84','Gold');
insert into Card values(111191,'ANDREA HENDERSON',54401,'ANDREA.HENDERSON@sakilacustomer.org','2021-01-01','2021-01-01','2026-01-01',17,25000,'I','AD_85','Classic');
insert into Card values(111192,'KATHRYN COLEMAN',54402,'KATHRYN.COLEMAN@sakilacustomer.org','2021-01-01','2021-01-01','2026-01-01',17,100000,'I','AD_86','Titanium');
insert into Card values(111193,'LOUISE JENKINS',54403,'LOUISE.JENKINS@sakilacustomer.org','2021-01-01','2021-01-01','2026-01-01',17,75000,'I','AD_87','Silver');
insert into Card values(111194,'SARA PERRY',54404,'SARA.PERRY@sakilacustomer.org','2021-01-01','2021-01-01','2026-01-01',17,400000,'I','AD_88','Business');
insert into Card values(111195,'ANNE POWELL',54405,'ANNE.POWELL@sakilacustomer.org','2021-01-01','2021-01-01','2026-01-01',17,45000,'I','AD_89','Platinum');
insert into Card values(111196,'JACQUELINE LONG',54406,'JACQUELINE.LONG@sakilacustomer.org','2021-01-01','2021-01-01','2026-01-01',17,120000,'I','AD_90','Visa');
insert into Card values(111197,'WANDA PATTERSON',54407,'WANDA.PATTERSON@sakilacustomer.org','2021-01-01','2021-01-01','2026-01-01',17,90000,'I','AD_91','Gold');
insert into Card values(111198,'BONNIE HUGHES',54408,'BONNIE.HUGHES@sakilacustomer.org','2021-01-01','2021-01-01','2026-01-01',17,25000,'I','AD_92','Classic');
insert into Card values(111199,'JULIA FLORES',54409,'JULIA.FLORES@sakilacustomer.org','2021-01-01','2021-01-01','2026-01-01',17,100000,'I','AD_93','Titanium');
insert into Card values(111200,'RUBY WASHINGTON',54410,'RUBY.WASHINGTON@sakilacustomer.org','2021-01-01','2021-01-01','2026-01-01',17,75000,'I','AD_94','Silver');
insert into Card values(111201,'LOIS BUTLER',54411,'LOIS.BUTLER@sakilacustomer.org','2021-01-01','2021-01-01','2026-01-01',17,400000,'I','AD_95','Business');
insert into Card values(111202,'TINA SIMMONS',54412,'TINA.SIMMONS@sakilacustomer.org','2021-01-01','2021-01-01','2026-01-01',17,45000,'I','AD_96','Platinum');
insert into Card values(111203,'PHYLLIS FOSTER',54413,'PHYLLIS.FOSTER@sakilacustomer.org','2021-01-01','2021-01-01','2026-01-01',17,120000,'I','AD_97','Visa');
insert into Card values(111204,'NORMA GONZALES',54414,'NORMA.GONZALES@sakilacustomer.org','2021-01-01','2021-01-01','2026-01-01',17,90000,'I','AD_98','Gold');
insert into Card values(111205,'PAULA BRYANT',54415,'PAULA.BRYANT@sakilacustomer.org','2021-01-01','2021-01-01','2026-01-01',17,25000,'I','AD_99','Classic');
insert into Card values(111206,'DIANA ALEXANDER',54416,'DIANA.ALEXANDER@sakilacustomer.org','2021-01-01','2021-01-01','2026-01-01',17,100000,'I','AD_100','Titanium');
insert into Card values(111207,'ANNIE RUSSELL',54417,'ANNIE.RUSSELL@sakilacustomer.org','2021-01-01','2021-01-01','2026-01-01',17,75000,'I','AD_101','Silver');
insert into Card values(111208,'LILLIAN GRIFFIN',54418,'LILLIAN.GRIFFIN@sakilacustomer.org','2021-01-01','2021-01-01','2026-01-01',17,400000,'I','AD_102','Business');
insert into Card values(111209,'EMILY DIAZ',54419,'EMILY.DIAZ@sakilacustomer.org','2021-01-01','2021-01-01','2026-01-01',17,45000,'I','AD_103','Platinum');
insert into Card values(111210,'ROBIN HAYES',54420,'ROBIN.HAYES@sakilacustomer.org','2021-01-01','2021-01-01','2026-01-01',17,120000,'I','AD_104','Visa');
insert into Card values(111211,'PEGGY MYERS',54421,'PEGGY.MYERS@sakilacustomer.org','2021-01-01','2021-01-01','2026-01-01',17,90000,'I','AD_105','Gold');
insert into Card values(111212,'CRYSTAL FORD',54422,'CRYSTAL.FORD@sakilacustomer.org','2021-01-01','2021-01-01','2026-01-01',17,25000,'I','AD_106','Classic');
insert into Card values(111213,'GLADYS HAMILTON',54423,'GLADYS.HAMILTON@sakilacustomer.org','2021-01-01','2021-01-01','2026-01-01',17,100000,'I','AD_107','Titanium');
insert into Card values(111214,'RITA GRAHAM',54424,'RITA.GRAHAM@sakilacustomer.org','2021-01-01','2021-01-01','2026-01-01',17,75000,'I','AD_108','Silver');
insert into Card values(111215,'DAWN SULLIVAN',54425,'DAWN.SULLIVAN@sakilacustomer.org','2021-01-01','2021-01-01','2026-01-01',17,400000,'I','AD_109','Business');
insert into Card values(111216,'CONNIE WALLACE',54426,'CONNIE.WALLACE@sakilacustomer.org','2021-01-01','2021-01-01','2026-01-01',17,45000,'I','AD_110','Platinum');
insert into Card values(111217,'FLORENCE WOODS',54427,'FLORENCE.WOODS@sakilacustomer.org','2021-01-01','2021-01-01','2026-01-01',17,120000,'I','AD_111','Visa');
insert into Card values(111218,'TRACY COLE',54428,'TRACY.COLE@sakilacustomer.org','2021-01-01','2021-01-01','2026-01-01',17,90000,'I','AD_112','Gold');
insert into Card values(111219,'EDNA WEST',54429,'EDNA.WEST@sakilacustomer.org','2021-01-01','2021-01-01','2026-01-01',17,25000,'I','AD_113','Classic');
insert into Card values(111220,'TIFFANY JORDAN',54430,'TIFFANY.JORDAN@sakilacustomer.org','2021-01-01','2021-01-01','2026-01-01',17,100000,'I','AD_114','Titanium');
insert into Card values(111221,'CARMEN OWENS',54431,'CARMEN.OWENS@sakilacustomer.org','2021-01-01','2021-01-01','2026-01-01',17,75000,'I','AD_115','Silver');
insert into Card values(111222,'ROSA REYNOLDS',54432,'ROSA.REYNOLDS@sakilacustomer.org','2021-01-01','2021-01-01','2026-01-01',17,400000,'I','AD_116','Business');
insert into Card values(111223,'CINDY FISHER',54433,'CINDY.FISHER@sakilacustomer.org','2021-01-01','2021-01-01','2026-01-01',17,45000,'I','AD_117','Platinum');
insert into Card values(111224,'GRACE ELLIS',54434,'GRACE.ELLIS@sakilacustomer.org','2021-01-01','2021-01-01','2026-01-01',17,120000,'I','AD_118','Visa');
insert into Card values(111225,'WENDY HARRISON',54435,'WENDY.HARRISON@sakilacustomer.org','2021-01-01','2021-01-01','2026-01-01',17,90000,'I','AD_119','Gold');
insert into Card values(111226,'VICTORIA GIBSON',54436,'VICTORIA.GIBSON@sakilacustomer.org','2021-01-01','2021-01-01','2026-01-01',17,25000,'A','AD_120','Classic');
insert into Card values(111227,'EDITH MCDONALD',54437,'EDITH.MCDONALD@sakilacustomer.org','2021-01-01','2021-01-01','2026-01-01',17,100000,'A','AD_121','Titanium');
insert into Card values(111228,'KIM CRUZ',54438,'KIM.CRUZ@sakilacustomer.org','2021-01-01','2021-01-01','2026-01-01',17,75000,'A','AD_122','Silver');
insert into Card values(111229,'SHERRY MARSHALL',54439,'SHERRY.MARSHALL@sakilacustomer.org','2021-01-01','2021-01-01','2026-01-01',17,400000,'A','AD_123','Business');
insert into Card values(111230,'SYLVIA ORTIZ',54440,'SYLVIA.ORTIZ@sakilacustomer.org','2021-01-01','2021-01-01','2026-01-01',1,45000,'A','AD_124','Platinum');
insert into Card values(111231,'JOSEPHINE GOMEZ',54441,'JOSEPHINE.GOMEZ@sakilacustomer.org','2021-01-01','2021-01-01','2026-01-01',1,120000,'A','AD_125','Visa');
insert into Card values(111232,'THELMA MURRAY',54442,'THELMA.MURRAY@sakilacustomer.org','2021-01-01','2021-01-01','2026-01-01',1,90000,'A','AD_126','Gold');
insert into Card values(111233,'SHANNON FREEMAN',54443,'SHANNON.FREEMAN@sakilacustomer.org','2021-01-01','2021-01-01','2026-01-01',1,25000,'A','AD_127','Classic');
insert into Card values(111234,'SHEILA WELLS',54444,'SHEILA.WELLS@sakilacustomer.org','2021-01-01','2021-01-01','2026-01-01',1,100000,'A','AD_128','Titanium');
insert into Card values(111235,'ETHEL WEBB',54445,'ETHEL.WEBB@sakilacustomer.org','2021-01-01','2021-01-01','2026-01-01',1,75000,'A','AD_129','Silver');
insert into Card values(111236,'ELLEN SIMPSON',54446,'ELLEN.SIMPSON@sakilacustomer.org','2021-01-01','2021-01-01','2026-01-01',1,400000,'A','AD_130','Business');
insert into Card values(111237,'ELAINE STEVENS',54447,'ELAINE.STEVENS@sakilacustomer.org','2021-01-01','2021-01-01','2026-01-01',1,45000,'A','AD_131','Platinum');
insert into Card values(111238,'MARJORIE TUCKER',54448,'MARJORIE.TUCKER@sakilacustomer.org','2021-01-01','2021-01-01','2026-01-01',1,120000,'A','AD_132','Visa');
insert into Card values(111239,'CARRIE PORTER',54449,'CARRIE.PORTER@sakilacustomer.org','2021-01-01','2021-01-01','2026-01-01',1,90000,'A','AD_133','Gold');
insert into Card values(111240,'CHARLOTTE HUNTER',54450,'CHARLOTTE.HUNTER@sakilacustomer.org','2021-01-01','2021-01-01','2026-01-01',1,25000,'A','AD_134','Classic');
insert into Card values(111241,'MONICA HICKS',54451,'MONICA.HICKS@sakilacustomer.org','2021-01-01','2021-01-01','2026-01-01',1,100000,'A','AD_135','Titanium');
insert into Card values(111242,'ESTHER CRAWFORD',54452,'ESTHER.CRAWFORD@sakilacustomer.org','2021-01-01','2021-01-01','2026-01-01',1,75000,'A','AD_136','Silver');
insert into Card values(111243,'PAULINE HENRY',54453,'PAULINE.HENRY@sakilacustomer.org','2021-01-01','2021-01-01','2026-01-01',1,400000,'A','AD_137','Business');
insert into Card values(111244,'EMMA BOYD',54454,'EMMA.BOYD@sakilacustomer.org','2021-01-01','2021-01-01','2026-01-01',1,45000,'A','AD_138','Platinum');
insert into Card values(111245,'JUANITA MASON',54455,'JUANITA.MASON@sakilacustomer.org','2021-01-01','2021-01-01','2026-01-01',1,120000,'A','AD_139','Visa');
insert into Card values(111246,'ANITA MORALES',54456,'ANITA.MORALES@sakilacustomer.org','2021-01-01','2021-01-01','2026-01-01',1,90000,'A','AD_140','Gold');
insert into Card values(111247,'RHONDA KENNEDY',54457,'RHONDA.KENNEDY@sakilacustomer.org','2021-01-01','2021-01-01','2026-01-01',1,25000,'A','AD_141','Classic');
insert into Card values(111248,'HAZEL WARREN',54458,'HAZEL.WARREN@sakilacustomer.org','2021-01-01','2021-01-01','2026-01-01',1,100000,'A','AD_142','Titanium');
insert into Card values(111249,'AMBER DIXON',54459,'AMBER.DIXON@sakilacustomer.org','2021-01-01','2021-01-01','2026-01-01',1,75000,'A','AD_143','Silver');
insert into Card values(111250,'EVA RAMOS',54460,'EVA.RAMOS@sakilacustomer.org','2021-01-01','2021-01-01','2026-01-01',1,400000,'A','AD_144','Business');
insert into Card values(111251,'DEBBIE REYES',54461,'DEBBIE.REYES@sakilacustomer.org','2021-01-01','2021-01-01','2026-01-01',1,45000,'A','AD_145','Platinum');
insert into Card values(111252,'APRIL BURNS',54462,'APRIL.BURNS@sakilacustomer.org','2021-01-01','2021-01-01','2026-01-01',1,120000,'A','AD_146','Visa');
insert into Card values(111253,'LESLIE GORDON',54463,'LESLIE.GORDON@sakilacustomer.org','2021-01-01','2021-01-01','2026-01-01',1,90000,'A','AD_147','Gold');
insert into Card values(111254,'CLARA SHAW',54464,'CLARA.SHAW@sakilacustomer.org','2021-01-01','2021-01-01','2026-01-01',1,25000,'A','AD_148','Classic');
insert into Card values(111255,'LUCILLE HOLMES',54465,'LUCILLE.HOLMES@sakilacustomer.org','2021-01-01','2021-01-01','2026-01-01',1,100000,'A','AD_149','Titanium');
insert into Card values(111256,'JAMIE RICE',54466,'JAMIE.RICE@sakilacustomer.org','2021-01-01','2021-01-01','2026-01-01',1,75000,'A','AD_150','Silver');
insert into Card values(111257,'JOANNE ROBERTSON',54467,'JOANNE.ROBERTSON@sakilacustomer.org','2021-01-01','2021-01-01','2026-01-01',1,400000,'A','AD_151','Business');
insert into Card values(111258,'ELEANOR HUNT',54468,'ELEANOR.HUNT@sakilacustomer.org','2021-01-01','2021-01-01','2026-01-01',1,45000,'A','AD_152','Platinum');
insert into Card values(111259,'VALERIE BLACK',54469,'VALERIE.BLACK@sakilacustomer.org','2021-01-01','2021-01-01','2026-01-01',1,120000,'A','AD_153','Visa');
insert into Card values(111260,'DANIELLE DANIELS',54470,'DANIELLE.DANIELS@sakilacustomer.org','2021-01-01','2021-01-01','2026-01-01',1,90000,'A','AD_154','Gold');
insert into Card values(111261,'MEGAN PALMER',54471,'MEGAN.PALMER@sakilacustomer.org','2021-01-01','2021-01-01','2026-01-01',1,25000,'A','AD_155','Classic');
insert into Card values(111262,'ALICIA MILLS',54472,'ALICIA.MILLS@sakilacustomer.org','2021-01-01','2021-01-01','2026-01-01',1,100000,'A','AD_156','Titanium');
insert into Card values(111263,'SUZANNE NICHOLS',54473,'SUZANNE.NICHOLS@sakilacustomer.org','2021-01-01','2021-01-01','2026-01-01',1,75000,'A','AD_157','Silver');
insert into Card values(111264,'MICHELE GRANT',54474,'MICHELE.GRANT@sakilacustomer.org','2021-01-01','2021-01-01','2026-01-01',1,400000,'A','AD_158','Business');
insert into Card values(111265,'GAIL KNIGHT',54475,'GAIL.KNIGHT@sakilacustomer.org','2021-01-01','2021-01-01','2026-01-01',1,45000,'A','AD_159','Platinum');
insert into Card values(111266,'BERTHA FERGUSON',54476,'BERTHA.FERGUSON@sakilacustomer.org','2021-01-01','2021-01-01','2026-01-01',1,120000,'A','AD_160','Visa');
insert into Card values(111267,'DARLENE ROSE',54477,'DARLENE.ROSE@sakilacustomer.org','2021-01-01','2021-01-01','2026-01-01',1,90000,'A','AD_161','Gold');
insert into Card values(111268,'VERONICA STONE',54478,'VERONICA.STONE@sakilacustomer.org','2021-01-01','2021-01-01','2026-01-01',1,25000,'A','AD_162','Classic');
insert into Card values(111269,'JILL HAWKINS',54479,'JILL.HAWKINS@sakilacustomer.org','2021-01-01','2021-01-01','2026-01-01',1,100000,'A','AD_163','Titanium');
insert into Card values(111270,'ERIN DUNN',54480,'ERIN.DUNN@sakilacustomer.org','2021-01-01','2021-01-01','2026-01-01',1,75000,'A','AD_164','Silver');
insert into Card values(111271,'GERALDINE PERKINS',54481,'GERALDINE.PERKINS@sakilacustomer.org','2021-01-01','2021-01-01','2026-01-01',1,400000,'A','AD_165','Business');
insert into Card values(111272,'LAUREN HUDSON',54482,'LAUREN.HUDSON@sakilacustomer.org','2021-01-01','2021-01-01','2026-01-01',1,45000,'A','AD_166','Platinum');
insert into Card values(111273,'CATHY SPENCER',54483,'CATHY.SPENCER@sakilacustomer.org','2021-01-01','2021-01-01','2026-01-01',1,120000,'A','AD_167','Visa');
insert into Card values(111274,'JOANN GARDNER',54484,'JOANN.GARDNER@sakilacustomer.org','2021-01-01','2021-01-01','2026-01-01',1,90000,'A','AD_168','Gold');
insert into Card values(111275,'LORRAINE STEPHENS',54485,'LORRAINE.STEPHENS@sakilacustomer.org','2021-01-01','2021-01-01','2026-01-01',1,25000,'A','AD_169','Classic');
insert into Card values(111276,'LYNN PAYNE',54486,'LYNN.PAYNE@sakilacustomer.org','2021-01-01','2021-01-01','2026-01-01',1,100000,'A','AD_170','Titanium');
insert into Card values(111277,'SALLY PIERCE',54487,'SALLY.PIERCE@sakilacustomer.org','2021-01-01','2021-01-01','2026-01-01',1,75000,'A','AD_171','Silver');
insert into Card values(111278,'REGINA BERRY',54488,'REGINA.BERRY@sakilacustomer.org','2021-01-01','2021-01-01','2026-01-01',1,400000,'A','AD_172','Business');
insert into Card values(111279,'ERICA MATTHEWS',54489,'ERICA.MATTHEWS@sakilacustomer.org','2021-01-01','2021-01-01','2026-01-01',17,45000,'A','AD_173','Platinum');
insert into Card values(111280,'BEATRICE ARNOLD',54490,'BEATRICE.ARNOLD@sakilacustomer.org','2021-01-01','2021-01-01','2026-01-01',17,120000,'A','AD_174','Visa');
insert into Card values(111281,'DOLORES WAGNER',54491,'DOLORES.WAGNER@sakilacustomer.org','2021-01-01','2021-01-01','2026-01-01',17,90000,'A','AD_175','Gold');
insert into Card values(111282,'BERNICE WILLIS',54492,'BERNICE.WILLIS@sakilacustomer.org','2021-01-01','2021-01-01','2026-01-01',17,25000,'A','AD_176','Classic');
insert into Card values(111283,'AUDREY RAY',54493,'AUDREY.RAY@sakilacustomer.org','2021-01-01','2021-01-01','2026-01-01',17,100000,'A','AD_177','Titanium');
insert into Card values(111284,'YVONNE WATKINS',54494,'YVONNE.WATKINS@sakilacustomer.org','2021-01-01','2021-01-01','2026-01-01',17,75000,'A','AD_178','Silver');
insert into Card values(111285,'ANNETTE OLSON',54495,'ANNETTE.OLSON@sakilacustomer.org','2021-01-01','2021-01-01','2026-01-01',17,400000,'A','AD_179','Business');
insert into Card values(111286,'JUNE CARROLL',54496,'JUNE.CARROLL@sakilacustomer.org','2021-01-01','2021-01-01','2026-01-01',17,45000,'A','AD_180','Platinum');
insert into Card values(111287,'SAMANTHA DUNCAN',54497,'SAMANTHA.DUNCAN@sakilacustomer.org','2021-01-01','2021-01-01','2026-01-01',17,120000,'A','AD_181','Visa');
insert into Card values(111288,'MARION SNYDER',54498,'MARION.SNYDER@sakilacustomer.org','2021-01-01','2021-01-01','2026-01-01',17,90000,'A','AD_182','Gold');
insert into Card values(111289,'DANA HART',54499,'DANA.HART@sakilacustomer.org','2021-01-01','2021-01-01','2026-01-01',17,25000,'A','AD_183','Classic');
insert into Card values(111290,'STACY CUNNINGHAM',54500,'STACY.CUNNINGHAM@sakilacustomer.org','2021-01-01','2021-01-01','2026-01-01',17,100000,'A','AD_184','Titanium');
insert into Card values(111291,'ANA BRADLEY',54501,'ANA.BRADLEY@sakilacustomer.org','2021-01-01','2021-01-01','2026-01-01',17,75000,'A','AD_185','Silver');
insert into Card values(111292,'RENEE LANE',54502,'RENEE.LANE@sakilacustomer.org','2021-01-01','2021-01-01','2026-01-01',17,400000,'A','AD_186','Business');
insert into Card values(111293,'IDA ANDREWS',54503,'IDA.ANDREWS@sakilacustomer.org','2021-01-01','2021-01-01','2026-01-01',17,45000,'A','AD_187','Platinum');
insert into Card values(111294,'VIVIAN RUIZ',54504,'VIVIAN.RUIZ@sakilacustomer.org','2021-01-01','2021-01-01','2026-01-01',17,120000,'A','AD_188','Visa');
insert into Card values(111295,'ROBERTA HARPER',54505,'ROBERTA.HARPER@sakilacustomer.org','2021-01-01','2021-01-01','2026-01-01',17,90000,'A','AD_189','Gold');
insert into Card values(111296,'HOLLY FOX',54506,'HOLLY.FOX@sakilacustomer.org','2021-01-01','2021-01-01','2026-01-01',17,25000,'A','AD_190','Classic');
insert into Card values(111297,'BRITTANY RILEY',54507,'BRITTANY.RILEY@sakilacustomer.org','2021-01-01','2021-01-01','2026-01-01',17,100000,'A','AD_191','Titanium');
insert into Card values(111298,'MELANIE ARMSTRONG',54508,'MELANIE.ARMSTRONG@sakilacustomer.org','2021-01-01','2021-01-01','2026-01-01',17,75000,'A','AD_192','Silver');
insert into Card values(111299,'LORETTA CARPENTER',54509,'LORETTA.CARPENTER@sakilacustomer.org','2021-01-01','2021-01-01','2026-01-01',17,400000,'A','AD_193','Business');
insert into Card values(111300,'YOLANDA WEAVER',54510,'YOLANDA.WEAVER@sakilacustomer.org','2021-01-01','2021-01-01','2026-01-01',17,45000,'A','AD_194','Platinum');
insert into Card values(111301,'JEANETTE GREENE',54511,'JEANETTE.GREENE@sakilacustomer.org','2021-01-01','2021-01-01','2026-01-01',17,120000,'A','AD_195','Visa');
insert into Card values(111302,'LAURIE LAWRENCE',54512,'LAURIE.LAWRENCE@sakilacustomer.org','2021-01-01','2021-01-01','2026-01-01',17,90000,'A','AD_196','Gold');
insert into Card values(111303,'KATIE ELLIOTT',54513,'KATIE.ELLIOTT@sakilacustomer.org','2021-01-01','2021-01-01','2026-01-01',17,25000,'A','AD_197','Classic');
insert into Card values(111304,'KRISTEN CHAVEZ',54514,'KRISTEN.CHAVEZ@sakilacustomer.org','2021-01-01','2021-01-01','2026-01-01',17,100000,'A','AD_198','Titanium');
insert into Card values(111305,'VANESSA SIMS',54515,'VANESSA.SIMS@sakilacustomer.org','2021-01-01','2021-01-01','2026-01-01',17,75000,'A','AD_199','Silver');
insert into Card values(111306,'ALMA AUSTIN',54516,'ALMA.AUSTIN@sakilacustomer.org','2021-01-01','2021-01-01','2026-01-01',17,400000,'A','AD_200','Business');
insert into Card values(111307,'SUE PETERS',54517,'SUE.PETERS@sakilacustomer.org','2021-01-01','2021-01-01','2026-01-01',17,45000,'A','AD_201','Platinum');
insert into Card values(111308,'ELSIE KELLEY',54518,'ELSIE.KELLEY@sakilacustomer.org','2021-01-01','2021-01-01','2026-01-01',17,120000,'A','AD_202','Visa');
insert into Card values(111309,'BETH FRANKLIN',54519,'BETH.FRANKLIN@sakilacustomer.org','2021-01-01','2021-01-01','2026-01-01',17,90000,'A','AD_203','Gold');
insert into Card values(111310,'JEANNE LAWSON',54520,'JEANNE.LAWSON@sakilacustomer.org','2021-01-01','2021-01-01','2026-01-01',17,25000,'A','AD_204','Classic');
insert into Card values(111311,'VICKI FIELDS',54521,'VICKI.FIELDS@sakilacustomer.org','2021-01-01','2021-01-01','2026-01-01',17,100000,'A','AD_205','Titanium');
insert into Card values(111312,'CARLA GUTIERREZ',54522,'CARLA.GUTIERREZ@sakilacustomer.org','2021-01-01','2021-01-01','2026-01-01',17,75000,'A','AD_206','Silver');
insert into Card values(111313,'TARA RYAN',54523,'TARA.RYAN@sakilacustomer.org','2021-01-01','2021-01-01','2026-01-01',17,400000,'A','AD_207','Business');
insert into Card values(111314,'ROSEMARY SCHMIDT',54524,'ROSEMARY.SCHMIDT@sakilacustomer.org','2021-01-01','2021-01-01','2026-01-01',17,45000,'A','AD_208','Platinum');
insert into Card values(111315,'EILEEN CARR',54525,'EILEEN.CARR@sakilacustomer.org','2021-01-01','2021-01-01','2026-01-01',17,120000,'A','AD_209','Visa');
insert into Card values(111316,'TERRI VASQUEZ',54526,'TERRI.VASQUEZ@sakilacustomer.org','2021-01-01','2021-01-01','2026-01-01',17,90000,'A','AD_210','Gold');
insert into Card values(111317,'GERTRUDE CASTILLO',54527,'GERTRUDE.CASTILLO@sakilacustomer.org','2021-01-01','2021-01-01','2026-01-01',17,25000,'A','AD_211','Classic');
insert into Card values(111318,'LUCY WHEELER',54528,'LUCY.WHEELER@sakilacustomer.org','2021-01-01','2021-01-01','2026-01-01',17,100000,'A','AD_212','Titanium');
insert into Card values(111319,'TONYA CHAPMAN',54529,'TONYA.CHAPMAN@sakilacustomer.org','2021-01-01','2021-01-01','2026-01-01',17,75000,'A','AD_213','Silver');
insert into Card values(111320,'ELLA OLIVER',54530,'ELLA.OLIVER@sakilacustomer.org','2021-01-01','2021-01-01','2026-01-01',17,400000,'A','AD_214','Business');
insert into Card values(111321,'STACEY MONTGOMERY',54531,'STACEY.MONTGOMERY@sakilacustomer.org','2021-01-01','2021-01-01','2026-01-01',17,45000,'A','AD_215','Platinum');
insert into Card values(111322,'WILMA RICHARDS',54532,'WILMA.RICHARDS@sakilacustomer.org','2021-01-01','2021-01-01','2026-01-01',17,120000,'A','AD_216','Visa');
insert into Card values(111323,'GINA WILLIAMSON',54533,'GINA.WILLIAMSON@sakilacustomer.org','2021-01-01','2021-01-01','2026-01-01',17,90000,'A','AD_217','Gold');
insert into Card values(111324,'KRISTIN JOHNSTON',54534,'KRISTIN.JOHNSTON@sakilacustomer.org','2021-01-01','2021-01-01','2026-01-01',17,25000,'A','AD_218','Classic');
insert into Card values(111325,'JESSIE BANKS',54535,'JESSIE.BANKS@sakilacustomer.org','2021-01-01','2021-01-01','2026-01-01',17,100000,'A','AD_219','Titanium');
insert into Card values(111326,'NATALIE MEYER',54536,'NATALIE.MEYER@sakilacustomer.org','2021-01-01','2021-01-01','2026-01-01',17,75000,'A','AD_220','Silver');
insert into Card values(111327,'AGNES BISHOP',54537,'AGNES.BISHOP@sakilacustomer.org','2021-01-01','2021-01-01','2026-01-01',17,400000,'A','AD_221','Business');
insert into Card values(111328,'VERA MCCOY',54538,'VERA.MCCOY@sakilacustomer.org','2021-01-01','2021-01-01','2026-01-01',17,45000,'A','AD_222','Platinum');
insert into Card values(111329,'WILLIE HOWELL',54539,'WILLIE.HOWELL@sakilacustomer.org','2021-01-01','2021-01-01','2026-01-01',17,120000,'A','AD_223','Visa');
insert into Card values(111330,'CHARLENE ALVAREZ',54540,'CHARLENE.ALVAREZ@sakilacustomer.org','2021-01-01','2021-01-01','2026-01-01',17,90000,'A','AD_224','Gold');
insert into Card values(111331,'BESSIE MORRISON',54541,'BESSIE.MORRISON@sakilacustomer.org','2021-01-01','2021-01-01','2026-01-01',17,25000,'A','AD_225','Classic');
insert into Card values(111332,'DELORES HANSEN',54542,'DELORES.HANSEN@sakilacustomer.org','2021-01-01','2021-01-01','2026-01-01',17,100000,'A','AD_226','Titanium');
insert into Card values(111333,'MELINDA FERNANDEZ',54543,'MELINDA.FERNANDEZ@sakilacustomer.org','2021-01-01','2021-01-01','2026-01-01',17,75000,'A','AD_227','Silver');
insert into Card values(111334,'PEARL GARZA',54544,'PEARL.GARZA@sakilacustomer.org','2021-01-01','2021-01-01','2026-01-01',17,400000,'A','AD_228','Business');
insert into Card values(111335,'ARLENE HARVEY',54545,'ARLENE.HARVEY@sakilacustomer.org','2021-01-01','2021-01-01','2026-01-01',17,45000,'A','AD_229','Platinum');
insert into Card values(111336,'MAUREEN LITTLE',54546,'MAUREEN.LITTLE@sakilacustomer.org','2021-01-01','2021-01-01','2026-01-01',17,120000,'A','AD_230','Visa');
insert into Card values(111337,'COLLEEN BURTON',54547,'COLLEEN.BURTON@sakilacustomer.org','2021-01-01','2021-01-01','2026-01-01',17,90000,'A','AD_231','Gold');
insert into Card values(111338,'ALLISON STANLEY',54548,'ALLISON.STANLEY@sakilacustomer.org','2021-01-01','2021-01-01','2026-01-01',17,25000,'A','AD_232','Classic');
insert into Card values(111339,'TAMARA NGUYEN',54549,'TAMARA.NGUYEN@sakilacustomer.org','2021-01-01','2021-01-01','2026-01-01',17,100000,'A','AD_233','Titanium');
insert into Card values(111340,'JOY GEORGE',54550,'JOY.GEORGE@sakilacustomer.org','2021-01-01','2021-01-01','2026-01-01',17,75000,'A','AD_234','Silver');
insert into Card values(111341,'GEORGIA JACOBS',54551,'GEORGIA.JACOBS@sakilacustomer.org','2021-01-01','2021-01-01','2026-01-01',17,400000,'A','AD_235','Business');
insert into Card values(111342,'CONSTANCE REID',54552,'CONSTANCE.REID@sakilacustomer.org','2021-01-01','2021-01-01','2026-01-01',17,45000,'A','AD_236','Platinum');
insert into Card values(111343,'LILLIE KIM',54553,'LILLIE.KIM@sakilacustomer.org','2021-01-01','2021-01-01','2026-01-01',17,120000,'A','AD_237','Visa');
insert into Card values(111344,'CLAUDIA FULLER',54554,'CLAUDIA.FULLER@sakilacustomer.org','2021-01-01','2021-01-01','2026-01-01',17,90000,'A','AD_238','Gold');
insert into Card values(111345,'JACKIE LYNCH',54555,'JACKIE.LYNCH@sakilacustomer.org','2021-01-01','2021-01-01','2026-01-01',17,25000,'A','AD_239','Classic');
insert into Card values(111346,'MARCIA DEAN',54556,'MARCIA.DEAN@sakilacustomer.org','2021-01-01','2021-01-01','2026-01-01',17,100000,'A','AD_240','Titanium');
insert into Card values(111347,'TANYA GILBERT',54557,'TANYA.GILBERT@sakilacustomer.org','2021-01-01','2021-01-01','2026-01-01',17,75000,'A','AD_241','Silver');
insert into Card values(111348,'NELLIE GARRETT',54558,'NELLIE.GARRETT@sakilacustomer.org','2021-01-01','2021-01-01','2026-01-01',17,400000,'A','AD_242','Business');
insert into Card values(111349,'MINNIE ROMERO',54559,'MINNIE.ROMERO@sakilacustomer.org','2021-01-01','2021-01-01','2026-01-01',1,45000,'A','AD_243','Platinum');
insert into Card values(111350,'MARLENE WELCH',54560,'MARLENE.WELCH@sakilacustomer.org','2021-01-01','2021-01-01','2026-01-01',1,120000,'A','AD_244','Visa');
insert into Card values(111351,'HEIDI LARSON',54561,'HEIDI.LARSON@sakilacustomer.org','2021-01-01','2021-01-01','2026-01-01',1,90000,'A','AD_245','Gold');
insert into Card values(111352,'GLENDA FRAZIER',54562,'GLENDA.FRAZIER@sakilacustomer.org','2021-01-01','2021-01-01','2026-01-01',1,25000,'A','AD_246','Classic');
insert into Card values(111353,'LYDIA BURKE',54563,'LYDIA.BURKE@sakilacustomer.org','2021-01-01','2021-01-01','2026-01-01',1,100000,'A','AD_247','Titanium');
insert into Card values(111354,'VIOLA HANSON',54564,'VIOLA.HANSON@sakilacustomer.org','2021-01-01','2021-01-01','2026-01-01',1,75000,'A','AD_248','Silver');
insert into Card values(111355,'COURTNEY DAY',54565,'COURTNEY.DAY@sakilacustomer.org','2021-01-01','2021-01-01','2026-01-01',1,400000,'A','AD_249','Business');
insert into Card values(111356,'MARIAN MENDOZA',54566,'MARIAN.MENDOZA@sakilacustomer.org','2021-01-01','2021-01-01','2026-01-01',1,45000,'A','AD_250','Platinum');
insert into Card values(111357,'STELLA MORENO',54567,'STELLA.MORENO@sakilacustomer.org','2021-01-01','2021-01-01','2026-01-01',1,120000,'A','AD_251','Visa');
insert into Card values(111358,'CAROLINE BOWMAN',54568,'CAROLINE.BOWMAN@sakilacustomer.org','2021-01-01','2021-01-01','2026-01-01',1,90000,'A','AD_252','Gold');
insert into Card values(111359,'DORA MEDINA',54569,'DORA.MEDINA@sakilacustomer.org','2021-01-01','2021-01-01','2026-01-01',1,25000,'A','AD_253','Classic');
insert into Card values(111360,'JO FOWLER',54570,'JO.FOWLER@sakilacustomer.org','2021-01-01','2021-01-01','2026-01-01',1,100000,'A','AD_254','Titanium');
insert into Card values(111361,'VICKIE BREWER',54571,'VICKIE.BREWER@sakilacustomer.org','2021-01-01','2021-01-01','2026-01-01',1,75000,'A','AD_255','Silver');
insert into Card values(111362,'MATTIE HOFFMAN',54572,'MATTIE.HOFFMAN@sakilacustomer.org','2021-01-01','2021-01-01','2026-01-01',1,400000,'A','AD_256','Business');
insert into Card values(111363,'TERRY CARLSON',54573,'TERRY.CARLSON@sakilacustomer.org','2021-01-01','2021-01-01','2026-01-01',1,45000,'A','AD_258','Platinum');
insert into Card values(111364,'MAXINE SILVA',54574,'MAXINE.SILVA@sakilacustomer.org','2021-01-01','2021-01-01','2026-01-01',1,120000,'A','AD_259','Visa');
insert into Card values(111365,'IRMA PEARSON',54575,'IRMA.PEARSON@sakilacustomer.org','2021-01-01','2021-01-01','2026-01-01',1,90000,'A','AD_260','Gold');
insert into Card values(111366,'MABEL HOLLAND',54576,'MABEL.HOLLAND@sakilacustomer.org','2021-01-01','2021-01-01','2026-01-01',1,25000,'A','AD_261','Classic');
insert into Card values(111367,'MARSHA DOUGLAS',54577,'MARSHA.DOUGLAS@sakilacustomer.org','2021-01-01','2021-01-01','2026-01-01',1,100000,'A','AD_262','Titanium');
insert into Card values(111368,'MYRTLE FLEMING',54578,'MYRTLE.FLEMING@sakilacustomer.org','2021-01-01','2021-01-01','2026-01-01',1,75000,'A','AD_263','Silver');
insert into Card values(111369,'LENA JENSEN',54579,'LENA.JENSEN@sakilacustomer.org','2021-01-01','2021-01-01','2026-01-01',1,400000,'A','AD_264','Business');
insert into Card values(111370,'CHRISTY VARGAS',54580,'CHRISTY.VARGAS@sakilacustomer.org','2021-01-01','2021-01-01','2026-01-01',1,45000,'A','AD_265','Platinum');
insert into Card values(111371,'DEANNA BYRD',54581,'DEANNA.BYRD@sakilacustomer.org','2021-01-01','2021-01-01','2026-01-01',1,120000,'A','AD_266','Visa');
insert into Card values(111372,'PATSY DAVIDSON',54582,'PATSY.DAVIDSON@sakilacustomer.org','2021-01-01','2021-01-01','2026-01-01',1,90000,'A','AD_267','Gold');
insert into Card values(111373,'HILDA HOPKINS',54583,'HILDA.HOPKINS@sakilacustomer.org','2021-01-01','2021-01-01','2026-01-01',1,25000,'A','AD_268','Classic');
insert into Card values(111374,'GWENDOLYN MAY',54584,'GWENDOLYN.MAY@sakilacustomer.org','2021-01-01','2021-01-01','2026-01-01',1,100000,'A','AD_269','Titanium');
insert into Card values(111375,'JENNIE TERRY',54585,'JENNIE.TERRY@sakilacustomer.org','2021-01-01','2021-01-01','2026-01-01',1,75000,'A','AD_270','Silver');
insert into Card values(111376,'NORA HERRERA',54586,'NORA.HERRERA@sakilacustomer.org','2021-01-01','2021-01-01','2026-01-01',1,400000,'A','AD_271','Business');
insert into Card values(111377,'MARGIE WADE',54587,'MARGIE.WADE@sakilacustomer.org','2021-01-01','2021-01-01','2026-01-01',1,45000,'A','AD_272','Platinum');
insert into Card values(111378,'NINA SOTO',54588,'NINA.SOTO@sakilacustomer.org','2021-01-01','2021-01-01','2026-01-01',1,120000,'A','AD_273','Visa');
insert into Card values(111379,'CASSANDRA WALTERS',54589,'CASSANDRA.WALTERS@sakilacustomer.org','2021-01-01','2021-01-01','2026-01-01',1,90000,'A','AD_274','Gold');
insert into Card values(111380,'LEAH CURTIS',54590,'LEAH.CURTIS@sakilacustomer.org','2021-01-01','2021-01-01','2026-01-01',1,25000,'A','AD_275','Classic');
insert into Card values(111381,'PENNY NEAL',54591,'PENNY.NEAL@sakilacustomer.org','2021-01-01','2021-01-01','2026-01-01',1,100000,'A','AD_276','Titanium');
insert into Card values(111382,'KAY CALDWELL',54592,'KAY.CALDWELL@sakilacustomer.org','2021-01-01','2021-01-01','2026-01-01',1,75000,'A','AD_277','Silver');
insert into Card values(111383,'PRISCILLA LOWE',54593,'PRISCILLA.LOWE@sakilacustomer.org','2021-01-01','2021-01-01','2026-01-01',1,400000,'A','AD_278','Business');
insert into Card values(111384,'NAOMI JENNINGS',54594,'NAOMI.JENNINGS@sakilacustomer.org','2021-01-01','2021-01-01','2026-01-01',1,45000,'A','AD_279','Platinum');
insert into Card values(111385,'CAROLE BARNETT',54595,'CAROLE.BARNETT@sakilacustomer.org','2021-01-01','2021-01-01','2026-01-01',1,120000,'A','AD_280','Visa');
insert into Card values(111386,'BRANDY GRAVES',54596,'BRANDY.GRAVES@sakilacustomer.org','2021-01-01','2021-01-01','2026-01-01',1,90000,'A','AD_281','Gold');
insert into Card values(111387,'OLGA JIMENEZ',54597,'OLGA.JIMENEZ@sakilacustomer.org','2021-01-01','2021-01-01','2026-01-01',1,25000,'A','AD_282','Classic');
insert into Card values(111388,'BILLIE HORTON',54598,'BILLIE.HORTON@sakilacustomer.org','2021-01-01','2021-01-01','2026-01-01',1,100000,'A','AD_283','Titanium');
insert into Card values(111389,'DIANNE SHELTON',54599,'DIANNE.SHELTON@sakilacustomer.org','2021-01-01','2021-01-01','2026-01-01',1,75000,'A','AD_284','Silver');
insert into Card values(111390,'TRACEY BARRETT',54600,'TRACEY.BARRETT@sakilacustomer.org','2021-01-01','2021-01-01','2026-01-01',1,400000,'A','AD_285','Business');
insert into Card values(111391,'LEONA OBRIEN',54601,'LEONA.OBRIEN@sakilacustomer.org','2021-01-01','2021-01-01','2026-01-01',1,45000,'A','AD_286','Platinum');
insert into Card values(111392,'JENNY CASTRO',54602,'JENNY.CASTRO@sakilacustomer.org','2021-01-01','2021-01-01','2026-01-01',1,120000,'A','AD_287','Visa');
insert into Card values(111393,'FELICIA SUTTON',54603,'FELICIA.SUTTON@sakilacustomer.org','2021-01-01','2021-01-01','2026-01-01',1,90000,'A','AD_288','Gold');
insert into Card values(111394,'SONIA GREGORY',54604,'SONIA.GREGORY@sakilacustomer.org','2021-01-01','2021-01-01','2026-01-01',1,25000,'A','AD_289','Classic');
insert into Card values(111395,'MIRIAM MCKINNEY',54605,'MIRIAM.MCKINNEY@sakilacustomer.org','2021-01-01','2021-01-01','2026-01-01',1,100000,'A','AD_290','Titanium');
insert into Card values(111396,'VELMA LUCAS',54606,'VELMA.LUCAS@sakilacustomer.org','2021-01-01','2021-01-01','2026-01-01',1,75000,'A','AD_291','Silver');
insert into Card values(111397,'BECKY MILES',54607,'BECKY.MILES@sakilacustomer.org','2021-01-01','2021-01-01','2026-01-01',1,400000,'A','AD_292','Business');
insert into Card values(111398,'BOBBIE CRAIG',54608,'BOBBIE.CRAIG@sakilacustomer.org','2021-01-01','2021-01-01','2026-01-01',17,45000,'A','AD_293','Platinum');
insert into Card values(111399,'VIOLET RODRIQUEZ',54609,'VIOLET.RODRIQUEZ@sakilacustomer.org','2021-01-01','2021-01-01','2026-01-01',17,120000,'A','AD_294','Visa');
insert into Card values(111400,'KRISTINA CHAMBERS',54610,'KRISTINA.CHAMBERS@sakilacustomer.org','2021-01-01','2021-01-01','2026-01-01',17,90000,'A','AD_295','Gold');
insert into Card values(111401,'TONI HOLT',54611,'TONI.HOLT@sakilacustomer.org','2021-01-01','2021-01-01','2026-01-01',17,25000,'A','AD_296','Classic');
insert into Card values(111402,'MISTY LAMBERT',54612,'MISTY.LAMBERT@sakilacustomer.org','2021-01-01','2021-01-01','2026-01-01',17,100000,'A','AD_297','Titanium');
insert into Card values(111403,'MAE FLETCHER',54613,'MAE.FLETCHER@sakilacustomer.org','2021-01-01','2021-01-01','2026-01-01',17,75000,'A','AD_298','Silver');
insert into Card values(111404,'SHELLY WATTS',54614,'SHELLY.WATTS@sakilacustomer.org','2021-01-01','2021-01-01','2026-01-01',17,400000,'A','AD_299','Business');
insert into Card values(111405,'DAISY BATES',54615,'DAISY.BATES@sakilacustomer.org','2021-01-01','2021-01-01','2026-01-01',17,45000,'A','AD_300','Platinum');
insert into Card values(111406,'RAMONA HALE',54616,'RAMONA.HALE@sakilacustomer.org','2021-01-01','2021-01-01','2026-01-01',17,120000,'A','AD_301','Visa');
insert into Card values(111407,'SHERRI RHODES',54617,'SHERRI.RHODES@sakilacustomer.org','2021-01-01','2021-01-01','2026-01-01',17,90000,'A','AD_302','Gold');
insert into Card values(111408,'ERIKA PENA',54618,'ERIKA.PENA@sakilacustomer.org','2021-01-01','2021-01-01','2026-01-01',17,25000,'A','AD_303','Classic');
insert into Card values(111409,'JAMES GANNON',54619,'JAMES.GANNON@sakilacustomer.org','2021-01-01','2021-01-01','2026-01-01',17,100000,'A','AD_304','Titanium');
insert into Card values(111410,'JOHN FARNSWORTH',54620,'JOHN.FARNSWORTH@sakilacustomer.org','2021-01-01','2021-01-01','2026-01-01',17,75000,'A','AD_305','Silver');
insert into Card values(111411,'ROBERT BAUGHMAN',54621,'ROBERT.BAUGHMAN@sakilacustomer.org','2021-01-01','2021-01-01','2026-01-01',17,400000,'A','AD_306','Business');
insert into Card values(111412,'MICHAEL SILVERMAN',54622,'MICHAEL.SILVERMAN@sakilacustomer.org','2021-01-01','2021-01-01','2026-01-01',17,45000,'A','AD_307','Platinum');
insert into Card values(111413,'WILLIAM SATTERFIELD',54623,'WILLIAM.SATTERFIELD@sakilacustomer.org','2021-01-01','2021-01-01','2026-01-01',17,120000,'A','AD_308','Visa');
insert into Card values(111414,'DAVID ROYAL',54624,'DAVID.ROYAL@sakilacustomer.org','2021-01-01','2021-01-01','2026-01-01',17,90000,'A','AD_309','Gold');
insert into Card values(111415,'RICHARD MCCRARY',54625,'RICHARD.MCCRARY@sakilacustomer.org','2021-01-01','2021-01-01','2026-01-01',17,25000,'A','AD_310','Classic');
insert into Card values(111416,'CHARLES KOWALSKI',54626,'CHARLES.KOWALSKI@sakilacustomer.org','2021-01-01','2021-01-01','2026-01-01',17,100000,'A','AD_311','Titanium');
insert into Card values(111417,'JOSEPH JOY',54627,'JOSEPH.JOY@sakilacustomer.org','2021-01-01','2021-01-01','2026-01-01',17,75000,'A','AD_312','Silver');
insert into Card values(111418,'THOMAS GRIGSBY',54628,'THOMAS.GRIGSBY@sakilacustomer.org','2021-01-01','2021-01-01','2026-01-01',17,400000,'A','AD_313','Business');
insert into Card values(111419,'CHRISTOPHER GRECO',54629,'CHRISTOPHER.GRECO@sakilacustomer.org','2021-01-01','2021-01-01','2026-01-01',17,45000,'A','AD_314','Platinum');
insert into Card values(111420,'DANIEL CABRAL',54630,'DANIEL.CABRAL@sakilacustomer.org','2021-01-01','2021-01-01','2026-01-01',17,120000,'A','AD_315','Visa');
insert into Card values(111421,'PAUL TROUT',54631,'PAUL.TROUT@sakilacustomer.org','2021-01-01','2021-01-01','2026-01-01',17,90000,'A','AD_316','Gold');
insert into Card values(111422,'MARK RINEHART',54632,'MARK.RINEHART@sakilacustomer.org','2021-01-01','2021-01-01','2026-01-01',17,25000,'A','AD_317','Classic');
insert into Card values(111423,'DONALD MAHON',54633,'DONALD.MAHON@sakilacustomer.org','2021-01-01','2021-01-01','2026-01-01',17,100000,'A','AD_318','Titanium');
insert into Card values(111424,'GEORGE LINTON',54634,'GEORGE.LINTON@sakilacustomer.org','2021-01-01','2021-01-01','2026-01-01',17,75000,'A','AD_319','Silver');
insert into Card values(111425,'KENNETH GOODEN',54635,'KENNETH.GOODEN@sakilacustomer.org','2021-01-01','2021-01-01','2026-01-01',17,400000,'A','AD_320','Business');
insert into Card values(111426,'STEVEN CURLEY',54636,'STEVEN.CURLEY@sakilacustomer.org','2021-01-01','2021-01-01','2026-01-01',17,45000,'A','AD_321','Platinum');
insert into Card values(111427,'EDWARD BAUGH',54637,'EDWARD.BAUGH@sakilacustomer.org','2021-01-01','2021-01-01','2026-01-01',17,120000,'A','AD_322','Visa');
insert into Card values(111428,'BRIAN WYMAN',54638,'BRIAN.WYMAN@sakilacustomer.org','2021-01-01','2021-01-01','2026-01-01',17,90000,'A','AD_323','Gold');
insert into Card values(111429,'RONALD WEINER',54639,'RONALD.WEINER@sakilacustomer.org','2021-01-01','2021-01-01','2026-01-01',17,25000,'A','AD_324','Classic');
insert into Card values(111430,'ANTHONY SCHWAB',54640,'ANTHONY.SCHWAB@sakilacustomer.org','2021-01-01','2021-01-01','2026-01-01',17,100000,'A','AD_325','Titanium');
insert into Card values(111431,'KEVIN SCHULER',54641,'KEVIN.SCHULER@sakilacustomer.org','2021-01-01','2021-01-01','2026-01-01',17,75000,'A','AD_326','Silver');
insert into Card values(111432,'JASON MORRISSEY',54642,'JASON.MORRISSEY@sakilacustomer.org','2021-01-01','2021-01-01','2026-01-01',17,400000,'A','AD_327','Business');
insert into Card values(111433,'MATTHEW MAHAN',54643,'MATTHEW.MAHAN@sakilacustomer.org','2021-01-01','2021-01-01','2026-01-01',17,45000,'A','AD_328','Platinum');
insert into Card values(111434,'GARY COY',54644,'GARY.COY@sakilacustomer.org','2021-01-01','2021-01-01','2026-01-01',17,120000,'A','AD_329','Visa');
insert into Card values(111435,'TIMOTHY BUNN',54645,'TIMOTHY.BUNN@sakilacustomer.org','2021-01-01','2021-01-01','2026-01-01',17,90000,'A','AD_330','Gold');
insert into Card values(111436,'JOSE ANDREW',54646,'JOSE.ANDREW@sakilacustomer.org','2021-01-01','2021-01-01','2026-01-01',17,25000,'A','AD_331','Classic');
insert into Card values(111437,'LARRY THRASHER',54647,'LARRY.THRASHER@sakilacustomer.org','2021-01-01','2021-01-01','2026-01-01',17,100000,'A','AD_332','Titanium');
insert into Card values(111438,'JEFFREY SPEAR',54648,'JEFFREY.SPEAR@sakilacustomer.org','2021-01-01','2021-01-01','2026-01-01',17,75000,'A','AD_333','Silver');
insert into Card values(111439,'FRANK WAGGONER',54649,'FRANK.WAGGONER@sakilacustomer.org','2021-01-01','2021-01-01','2026-01-01',17,400000,'A','AD_334','Business');
insert into Card values(111440,'SCOTT SHELLEY',54650,'SCOTT.SHELLEY@sakilacustomer.org','2021-01-01','2021-01-01','2026-01-01',17,45000,'A','AD_335','Platinum');
insert into Card values(111441,'ERIC ROBERT',54651,'ERIC.ROBERT@sakilacustomer.org','2021-01-01','2021-01-01','2026-01-01',17,120000,'A','AD_336','Visa');
insert into Card values(111442,'STEPHEN QUALLS',54652,'STEPHEN.QUALLS@sakilacustomer.org','2021-01-01','2021-01-01','2026-01-01',17,90000,'A','AD_337','Gold');
insert into Card values(111443,'ANDREW PURDY',54653,'ANDREW.PURDY@sakilacustomer.org','2021-01-01','2021-01-01','2026-01-01',17,25000,'A','AD_338','Classic');
insert into Card values(111444,'RAYMOND MCWHORTER',54654,'RAYMOND.MCWHORTER@sakilacustomer.org','2021-01-01','2021-01-01','2026-01-01',17,100000,'A','AD_339','Titanium');
insert into Card values(111445,'GREGORY MAULDIN',54655,'GREGORY.MAULDIN@sakilacustomer.org','2021-01-01','2021-01-01','2026-01-01',17,75000,'A','AD_340','Silver');
insert into Card values(111446,'JOSHUA MARK',54656,'JOSHUA.MARK@sakilacustomer.org','2021-01-01','2021-01-01','2026-01-01',17,400000,'A','AD_341','Business');
insert into Card values(111447,'JERRY JORDON',54657,'JERRY.JORDON@sakilacustomer.org','2021-01-01','2021-01-01','2026-01-01',17,45000,'A','AD_342','Platinum');
insert into Card values(111448,'DENNIS GILMAN',54658,'DENNIS.GILMAN@sakilacustomer.org','2021-01-01','2021-01-01','2026-01-01',17,120000,'A','AD_343','Visa');
insert into Card values(111449,'WALTER PERRYMAN',54659,'WALTER.PERRYMAN@sakilacustomer.org','2021-01-01','2021-01-01','2026-01-01',17,90000,'A','AD_344','Gold');
insert into Card values(111450,'PATRICK NEWSOM',54660,'PATRICK.NEWSOM@sakilacustomer.org','2021-01-01','2021-01-01','2026-01-01',17,25000,'A','AD_345','Classic');
insert into Card values(111451,'PETER MENARD',54661,'PETER.MENARD@sakilacustomer.org','2021-01-01','2021-01-01','2026-01-01',17,100000,'A','AD_346','Titanium');
insert into Card values(111452,'HAROLD MARTINO',54662,'HAROLD.MARTINO@sakilacustomer.org','2021-01-01','2021-01-01','2026-01-01',17,75000,'A','AD_347','Silver');
insert into Card values(111453,'DOUGLAS GRAF',54663,'DOUGLAS.GRAF@sakilacustomer.org','2021-01-01','2021-01-01','2026-01-01',17,400000,'A','AD_348','Business');
insert into Card values(111454,'HENRY BILLINGSLEY',54664,'HENRY.BILLINGSLEY@sakilacustomer.org','2021-01-01','2021-01-01','2026-01-01',17,45000,'A','AD_349','Platinum');
insert into Card values(111455,'CARL ARTIS',54665,'CARL.ARTIS@sakilacustomer.org','2021-01-01','2021-01-01','2026-01-01',17,120000,'A','AD_350','Visa');
insert into Card values(111456,'ARTHUR SIMPKINS',54666,'ARTHUR.SIMPKINS@sakilacustomer.org','2021-01-01','2021-01-01','2026-01-01',17,90000,'A','AD_351','Gold');
insert into Card values(111457,'RYAN SALISBURY',54667,'RYAN.SALISBURY@sakilacustomer.org','2021-01-01','2021-01-01','2026-01-01',17,25000,'A','AD_352','Classic');
insert into Card values(111458,'ROGER QUINTANILLA',54668,'ROGER.QUINTANILLA@sakilacustomer.org','2021-01-01','2021-01-01','2026-01-01',17,100000,'A','AD_353','Titanium');
insert into Card values(111459,'JOE GILLILAND',54669,'JOE.GILLILAND@sakilacustomer.org','2021-01-01','2021-01-01','2026-01-01',17,75000,'A','AD_354','Silver');
insert into Card values(111460,'JUAN FRALEY',54670,'JUAN.FRALEY@sakilacustomer.org','2021-01-01','2021-01-01','2026-01-01',17,400000,'A','AD_355','Business');
insert into Card values(111461,'JACK FOUST',54671,'JACK.FOUST@sakilacustomer.org','2021-01-01','2021-01-01','2026-01-01',17,45000,'A','AD_356','Platinum');
insert into Card values(111462,'ALBERT CROUSE',54672,'ALBERT.CROUSE@sakilacustomer.org','2021-01-01','2021-01-01','2026-01-01',17,120000,'A','AD_357','Visa');
insert into Card values(111463,'JONATHAN SCARBOROUGH',54673,'JONATHAN.SCARBOROUGH@sakilacustomer.org','2021-01-01','2021-01-01','2026-01-01',17,90000,'A','AD_358','Gold');
insert into Card values(111464,'JUSTIN NGO',54674,'JUSTIN.NGO@sakilacustomer.org','2021-01-01','2021-01-01','2026-01-01',17,25000,'A','AD_359','Classic');
insert into Card values(111465,'TERRY GRISSOM',54675,'TERRY.GRISSOM@sakilacustomer.org','2021-01-01','2021-01-01','2026-01-01',17,100000,'A','AD_360','Titanium');
insert into Card values(111466,'GERALD FULTZ',54676,'GERALD.FULTZ@sakilacustomer.org','2021-01-01','2021-01-01','2026-01-01',17,75000,'A','AD_361','Silver');
insert into Card values(111467,'KEITH RICO',54677,'KEITH.RICO@sakilacustomer.org','2021-01-01','2021-01-01','2026-01-01',17,400000,'A','AD_362','Business');
insert into Card values(111468,'SAMUEL MARLOW',54678,'SAMUEL.MARLOW@sakilacustomer.org','2021-01-01','2021-01-01','2026-01-01',1,45000,'A','AD_363','Platinum');
insert into Card values(111469,'WILLIE MARKHAM',54679,'WILLIE.MARKHAM@sakilacustomer.org','2021-01-01','2021-01-01','2026-01-01',1,120000,'A','AD_364','Visa');
insert into Card values(111470,'RALPH MADRIGAL',54680,'RALPH.MADRIGAL@sakilacustomer.org','2021-01-01','2021-01-01','2026-01-01',1,90000,'A','AD_365','Gold');
insert into Card values(111471,'LAWRENCE LAWTON',54681,'LAWRENCE.LAWTON@sakilacustomer.org','2021-01-01','2021-01-01','2026-01-01',1,25000,'A','AD_366','Classic');
insert into Card values(111472,'NICHOLAS BARFIELD',54682,'NICHOLAS.BARFIELD@sakilacustomer.org','2021-01-01','2021-01-01','2026-01-01',1,100000,'A','AD_367','Titanium');
insert into Card values(111473,'ROY WHITING',54683,'ROY.WHITING@sakilacustomer.org','2021-01-01','2021-01-01','2026-01-01',1,75000,'A','AD_368','Silver');
insert into Card values(111474,'BENJAMIN VARNEY',54684,'BENJAMIN.VARNEY@sakilacustomer.org','2021-01-01','2021-01-01','2026-01-01',1,400000,'A','AD_369','Business');
insert into Card values(111475,'BRUCE SCHWARZ',54685,'BRUCE.SCHWARZ@sakilacustomer.org','2021-01-01','2021-01-01','2026-01-01',1,45000,'A','AD_370','Platinum');
insert into Card values(111476,'BRANDON HUEY',54686,'BRANDON.HUEY@sakilacustomer.org','2021-01-01','2021-01-01','2026-01-01',1,120000,'A','AD_371','Visa');
insert into Card values(111477,'ADAM GOOCH',54687,'ADAM.GOOCH@sakilacustomer.org','2021-01-01','2021-01-01','2026-01-01',1,90000,'A','AD_372','Gold');
insert into Card values(111478,'HARRY ARCE',54688,'HARRY.ARCE@sakilacustomer.org','2021-01-01','2021-01-01','2026-01-01',1,25000,'A','AD_373','Classic');
insert into Card values(111479,'FRED WHEAT',54689,'FRED.WHEAT@sakilacustomer.org','2021-01-01','2021-01-01','2026-01-01',1,100000,'A','AD_374','Titanium');
insert into Card values(111480,'WAYNE TRUONG',54690,'WAYNE.TRUONG@sakilacustomer.org','2021-01-01','2021-01-01','2026-01-01',1,75000,'A','AD_375','Silver');
insert into Card values(111481,'BILLY POULIN',54691,'BILLY.POULIN@sakilacustomer.org','2021-01-01','2021-01-01','2026-01-01',1,400000,'A','AD_376','Business');
insert into Card values(111482,'STEVE MACKENZIE',54692,'STEVE.MACKENZIE@sakilacustomer.org','2021-01-01','2021-01-01','2026-01-01',1,45000,'A','AD_377','Platinum');
insert into Card values(111483,'LOUIS LEONE',54693,'LOUIS.LEONE@sakilacustomer.org','2021-01-01','2021-01-01','2026-01-01',1,120000,'A','AD_378','Visa');
insert into Card values(111484,'JEREMY HURTADO',54694,'JEREMY.HURTADO@sakilacustomer.org','2021-01-01','2021-01-01','2026-01-01',1,90000,'A','AD_379','Gold');
insert into Card values(111485,'AARON SELBY',54695,'AARON.SELBY@sakilacustomer.org','2021-01-01','2021-01-01','2026-01-01',1,25000,'A','AD_380','Classic');
insert into Card values(111486,'RANDY GAITHER',54696,'RANDY.GAITHER@sakilacustomer.org','2021-01-01','2021-01-01','2026-01-01',1,100000,'A','AD_381','Titanium');
insert into Card values(111487,'HOWARD FORTNER',54697,'HOWARD.FORTNER@sakilacustomer.org','2021-01-01','2021-01-01','2026-01-01',1,75000,'A','AD_382','Silver');
insert into Card values(111488,'EUGENE CULPEPPER',54698,'EUGENE.CULPEPPER@sakilacustomer.org','2021-01-01','2021-01-01','2026-01-01',1,400000,'A','AD_383','Business');
insert into Card values(111489,'CARLOS COUGHLIN',54699,'CARLOS.COUGHLIN@sakilacustomer.org','2021-01-01','2021-01-01','2026-01-01',1,45000,'A','AD_384','Platinum');
insert into Card values(111490,'RUSSELL BRINSON',54700,'RUSSELL.BRINSON@sakilacustomer.org','2021-01-01','2021-01-01','2026-01-01',1,120000,'A','AD_385','Visa');
insert into Card values(111491,'BOBBY BOUDREAU',54701,'BOBBY.BOUDREAU@sakilacustomer.org','2021-01-01','2021-01-01','2026-01-01',1,90000,'A','AD_386','Gold');
insert into Card values(111492,'VICTOR BARKLEY',54702,'VICTOR.BARKLEY@sakilacustomer.org','2021-01-01','2021-01-01','2026-01-01',1,25000,'A','AD_387','Classic');
insert into Card values(111493,'MARTIN BALES',54703,'MARTIN.BALES@sakilacustomer.org','2021-01-01','2021-01-01','2026-01-01',1,100000,'A','AD_388','Titanium');
insert into Card values(111494,'ERNEST STEPP',54704,'ERNEST.STEPP@sakilacustomer.org','2021-01-01','2021-01-01','2026-01-01',1,75000,'A','AD_389','Silver');
insert into Card values(111495,'PHILLIP HOLM',54705,'PHILLIP.HOLM@sakilacustomer.org','2021-01-01','2021-01-01','2026-01-01',1,400000,'A','AD_390','Business');
insert into Card values(111496,'TODD TAN',54706,'TODD.TAN@sakilacustomer.org','2021-01-01','2021-01-01','2026-01-01',1,45000,'A','AD_391','Platinum');
insert into Card values(111497,'JESSE SCHILLING',54707,'JESSE.SCHILLING@sakilacustomer.org','2021-01-01','2021-01-01','2026-01-01',1,120000,'A','AD_392','Visa');
insert into Card values(111498,'CRAIG MORRELL',54708,'CRAIG.MORRELL@sakilacustomer.org','2021-01-01','2021-01-01','2026-01-01',1,90000,'A','AD_393','Gold');
insert into Card values(111499,'ALAN KAHN',54709,'ALAN.KAHN@sakilacustomer.org','2021-01-01','2021-01-01','2026-01-01',1,25000,'A','AD_394','Classic');
insert into Card values(111500,'SHAWN HEATON',54710,'SHAWN.HEATON@sakilacustomer.org','2021-01-01','2021-01-01','2026-01-01',1,100000,'A','AD_395','Titanium');
insert into Card values(111501,'CLARENCE GAMEZ',54711,'CLARENCE.GAMEZ@sakilacustomer.org','2021-01-01','2021-01-01','2026-01-01',1,75000,'A','AD_396','Silver');
insert into Card values(111502,'SEAN DOUGLASS',54712,'SEAN.DOUGLASS@sakilacustomer.org','2021-01-01','2021-01-01','2026-01-01',1,400000,'A','AD_397','Business');
insert into Card values(111503,'PHILIP CAUSEY',54713,'PHILIP.CAUSEY@sakilacustomer.org','2021-01-01','2021-01-01','2026-01-01',1,45000,'A','AD_398','Platinum');
insert into Card values(111504,'CHRIS BROTHERS',54714,'CHRIS.BROTHERS@sakilacustomer.org','2021-01-01','2021-01-01','2026-01-01',1,120000,'A','AD_399','Visa');
insert into Card values(111505,'JOHNNY TURPIN',54715,'JOHNNY.TURPIN@sakilacustomer.org','2021-01-01','2021-01-01','2026-01-01',1,90000,'A','AD_400','Gold');
insert into Card values(111506,'EARL SHANKS',54716,'EARL.SHANKS@sakilacustomer.org','2021-01-01','2021-01-01','2026-01-01',1,25000,'A','AD_401','Classic');
insert into Card values(111507,'JIMMY SCHRADER',54717,'JIMMY.SCHRADER@sakilacustomer.org','2021-01-01','2021-01-01','2026-01-01',1,100000,'A','AD_402','Titanium');
insert into Card values(111508,'ANTONIO MEEK',54718,'ANTONIO.MEEK@sakilacustomer.org','2021-01-01','2021-01-01','2026-01-01',1,75000,'A','AD_403','Silver');
insert into Card values(111509,'DANNY ISOM',54719,'DANNY.ISOM@sakilacustomer.org','2021-01-01','2021-01-01','2026-01-01',1,400000,'A','AD_404','Business');
insert into Card values(111510,'BRYAN HARDISON',54720,'BRYAN.HARDISON@sakilacustomer.org','2021-01-01','2021-01-01','2026-01-01',1,45000,'A','AD_405','Platinum');
insert into Card values(111511,'TONY CARRANZA',54721,'TONY.CARRANZA@sakilacustomer.org','2021-01-01','2021-01-01','2026-01-01',1,120000,'A','AD_406','Visa');
insert into Card values(111512,'LUIS YANEZ',54722,'LUIS.YANEZ@sakilacustomer.org','2021-01-01','2021-01-01','2026-01-01',1,90000,'A','AD_407','Gold');
insert into Card values(111513,'MIKE WAY',54723,'MIKE.WAY@sakilacustomer.org','2021-01-01','2021-01-01','2026-01-01',1,25000,'A','AD_408','Classic');
insert into Card values(111514,'STANLEY SCROGGINS',54724,'STANLEY.SCROGGINS@sakilacustomer.org','2021-01-01','2021-01-01','2026-01-01',1,100000,'A','AD_409','Titanium');
insert into Card values(111515,'LEONARD SCHOFIELD',54725,'LEONARD.SCHOFIELD@sakilacustomer.org','2021-01-01','2021-01-01','2026-01-01',1,75000,'A','AD_410','Silver');
insert into Card values(111516,'NATHAN RUNYON',54726,'NATHAN.RUNYON@sakilacustomer.org','2021-01-01','2021-01-01','2026-01-01',1,400000,'A','AD_411','Business');
insert into Card values(111517,'DALE RATCLIFF',54727,'DALE.RATCLIFF@sakilacustomer.org','2021-01-01','2021-01-01','2026-01-01',17,45000,'A','AD_412','Platinum');
insert into Card values(111518,'MANUEL MURRELL',54728,'MANUEL.MURRELL@sakilacustomer.org','2021-01-01','2021-01-01','2026-01-01',17,120000,'A','AD_413','Visa');
insert into Card values(111519,'RODNEY MOELLER',54729,'RODNEY.MOELLER@sakilacustomer.org','2021-01-01','2021-01-01','2026-01-01',17,90000,'A','AD_414','Gold');
insert into Card values(111520,'CURTIS IRBY',54730,'CURTIS.IRBY@sakilacustomer.org','2021-01-01','2021-01-01','2026-01-01',17,25000,'A','AD_415','Classic');
insert into Card values(111521,'NORMAN CURRIER',54731,'NORMAN.CURRIER@sakilacustomer.org','2021-01-01','2021-01-01','2026-01-01',17,100000,'A','AD_416','Titanium');
insert into Card values(111522,'ALLEN BUTTERFIELD',54732,'ALLEN.BUTTERFIELD@sakilacustomer.org','2021-01-01','2021-01-01','2026-01-01',17,75000,'A','AD_417','Silver');
insert into Card values(111523,'MARVIN YEE',54733,'MARVIN.YEE@sakilacustomer.org','2021-01-01','2021-01-01','2026-01-01',17,400000,'A','AD_418','Business');
insert into Card values(111524,'VINCENT RALSTON',54734,'VINCENT.RALSTON@sakilacustomer.org','2021-01-01','2021-01-01','2026-01-01',17,45000,'A','AD_419','Platinum');
insert into Card values(111525,'GLENN PULLEN',54735,'GLENN.PULLEN@sakilacustomer.org','2021-01-01','2021-01-01','2026-01-01',17,120000,'A','AD_420','Visa');
insert into Card values(111526,'JEFFERY PINSON',54736,'JEFFERY.PINSON@sakilacustomer.org','2021-01-01','2021-01-01','2026-01-01',17,90000,'A','AD_421','Gold');
insert into Card values(111527,'TRAVIS ESTEP',54737,'TRAVIS.ESTEP@sakilacustomer.org','2021-01-01','2021-01-01','2026-01-01',17,25000,'A','AD_422','Classic');
insert into Card values(111528,'JEFF EAST',54738,'JEFF.EAST@sakilacustomer.org','2021-01-01','2021-01-01','2026-01-01',17,100000,'A','AD_423','Titanium');
insert into Card values(111529,'CHAD CARBONE',54739,'CHAD.CARBONE@sakilacustomer.org','2021-01-01','2021-01-01','2026-01-01',17,75000,'A','AD_424','Silver');
insert into Card values(111530,'JACOB LANCE',54740,'JACOB.LANCE@sakilacustomer.org','2021-01-01','2021-01-01','2026-01-01',17,400000,'A','AD_425','Business');
insert into Card values(111531,'LEE HAWKS',54741,'LEE.HAWKS@sakilacustomer.org','2021-01-01','2021-01-01','2026-01-01',17,45000,'A','AD_426','Platinum');
insert into Card values(111532,'MELVIN ELLINGTON',54742,'MELVIN.ELLINGTON@sakilacustomer.org','2021-01-01','2021-01-01','2026-01-01',17,120000,'A','AD_427','Visa');
insert into Card values(111533,'ALFRED CASILLAS',54743,'ALFRED.CASILLAS@sakilacustomer.org','2021-01-01','2021-01-01','2026-01-01',17,90000,'A','AD_428','Gold');
insert into Card values(111534,'KYLE SPURLOCK',54744,'KYLE.SPURLOCK@sakilacustomer.org','2021-01-01','2021-01-01','2026-01-01',17,25000,'A','AD_429','Classic');
insert into Card values(111535,'FRANCIS SIKES',54745,'FRANCIS.SIKES@sakilacustomer.org','2021-01-01','2021-01-01','2026-01-01',17,100000,'A','AD_430','Titanium');
insert into Card values(111536,'BRADLEY MOTLEY',54746,'BRADLEY.MOTLEY@sakilacustomer.org','2021-01-01','2021-01-01','2026-01-01',17,75000,'A','AD_431','Silver');
insert into Card values(111537,'JESUS MCCARTNEY',54747,'JESUS.MCCARTNEY@sakilacustomer.org','2021-01-01','2021-01-01','2026-01-01',17,400000,'A','AD_432','Business');
insert into Card values(111538,'HERBERT KRUGER',54748,'HERBERT.KRUGER@sakilacustomer.org','2021-01-01','2021-01-01','2026-01-01',17,45000,'A','AD_433','Platinum');
insert into Card values(111539,'FREDERICK ISBELL',54749,'FREDERICK.ISBELL@sakilacustomer.org','2021-01-01','2021-01-01','2026-01-01',17,120000,'A','AD_434','Visa');
insert into Card values(111540,'RAY HOULE',54750,'RAY.HOULE@sakilacustomer.org','2021-01-01','2021-01-01','2026-01-01',17,90000,'A','AD_435','Gold');
insert into Card values(111541,'JOEL FRANCISCO',54751,'JOEL.FRANCISCO@sakilacustomer.org','2021-01-01','2021-01-01','2026-01-01',17,25000,'A','AD_436','Classic');
insert into Card values(111542,'EDWIN BURK',54752,'EDWIN.BURK@sakilacustomer.org','2021-01-01','2021-01-01','2026-01-01',17,100000,'A','AD_437','Titanium');
insert into Card values(111543,'DON BONE',54753,'DON.BONE@sakilacustomer.org','2021-01-01','2021-01-01','2026-01-01',17,75000,'A','AD_438','Silver');
insert into Card values(111544,'EDDIE TOMLIN',54754,'EDDIE.TOMLIN@sakilacustomer.org','2021-01-01','2021-01-01','2026-01-01',17,400000,'A','AD_439','Business');
insert into Card values(111545,'RICKY SHELBY',54755,'RICKY.SHELBY@sakilacustomer.org','2021-01-01','2021-01-01','2026-01-01',17,45000,'A','AD_440','Platinum');
insert into Card values(111546,'TROY QUIGLEY',54756,'TROY.QUIGLEY@sakilacustomer.org','2021-01-01','2021-01-01','2026-01-01',17,120000,'A','AD_441','Visa');
insert into Card values(111547,'RANDALL NEUMANN',54757,'RANDALL.NEUMANN@sakilacustomer.org','2021-01-01','2021-01-01','2026-01-01',17,90000,'A','AD_442','Gold');
insert into Card values(111548,'BARRY LOVELACE',54758,'BARRY.LOVELACE@sakilacustomer.org','2021-01-01','2021-01-01','2026-01-01',17,25000,'A','AD_443','Classic');
insert into Card values(111549,'ALEXANDER FENNELL',54759,'ALEXANDER.FENNELL@sakilacustomer.org','2021-01-01','2021-01-01','2026-01-01',17,100000,'A','AD_444','Titanium');
insert into Card values(111550,'BERNARD COLBY',54760,'BERNARD.COLBY@sakilacustomer.org','2021-01-01','2021-01-01','2026-01-01',17,75000,'A','AD_445','Silver');
insert into Card values(111551,'MARIO CHEATHAM',54761,'MARIO.CHEATHAM@sakilacustomer.org','2021-01-01','2021-01-01','2026-01-01',17,400000,'A','AD_446','Business');
insert into Card values(111552,'LEROY BUSTAMANTE',54762,'LEROY.BUSTAMANTE@sakilacustomer.org','2021-01-01','2021-01-01','2026-01-01',17,45000,'A','AD_447','Platinum');
insert into Card values(111553,'FRANCISCO SKIDMORE',54763,'FRANCISCO.SKIDMORE@sakilacustomer.org','2021-01-01','2021-01-01','2026-01-01',17,120000,'A','AD_448','Visa');
insert into Card values(111554,'MARCUS HIDALGO',54764,'MARCUS.HIDALGO@sakilacustomer.org','2021-01-01','2021-01-01','2026-01-01',17,90000,'A','AD_449','Gold');
insert into Card values(111555,'MICHEAL FORMAN',54765,'MICHEAL.FORMAN@sakilacustomer.org','2021-01-01','2021-01-01','2026-01-01',17,25000,'A','AD_450','Classic');
insert into Card values(111556,'THEODORE CULP',54766,'THEODORE.CULP@sakilacustomer.org','2021-01-01','2021-01-01','2026-01-01',17,100000,'A','AD_451','Titanium');
insert into Card values(111557,'CLIFFORD BOWENS',54767,'CLIFFORD.BOWENS@sakilacustomer.org','2021-01-01','2021-01-01','2026-01-01',17,75000,'A','AD_452','Silver');
insert into Card values(111558,'MIGUEL BETANCOURT',54768,'MIGUEL.BETANCOURT@sakilacustomer.org','2021-01-01','2021-01-01','2026-01-01',17,400000,'A','AD_453','Business');
insert into Card values(111559,'OSCAR AQUINO',54769,'OSCAR.AQUINO@sakilacustomer.org','2021-01-01','2021-01-01','2026-01-01',17,45000,'A','AD_454','Platinum');
insert into Card values(111560,'JAY ROBB',54770,'JAY.ROBB@sakilacustomer.org','2021-01-01','2021-01-01','2026-01-01',17,120000,'A','AD_455','Visa');
insert into Card values(111561,'JIM REA',54771,'JIM.REA@sakilacustomer.org','2021-01-01','2021-01-01','2026-01-01',17,90000,'A','AD_456','Gold');
insert into Card values(111562,'TOM MILNER',54772,'TOM.MILNER@sakilacustomer.org','2021-01-01','2021-01-01','2026-01-01',17,25000,'A','AD_457','Classic');
insert into Card values(111563,'CALVIN MARTEL',54773,'CALVIN.MARTEL@sakilacustomer.org','2021-01-01','2021-01-01','2026-01-01',17,100000,'A','AD_458','Titanium');
insert into Card values(111564,'ALEX GRESHAM',54774,'ALEX.GRESHAM@sakilacustomer.org','2021-01-01','2021-01-01','2026-01-01',17,75000,'A','AD_459','Silver');
insert into Card values(111565,'JON WILES',54775,'JON.WILES@sakilacustomer.org','2021-01-01','2021-01-01','2026-01-01',17,400000,'A','AD_460','Business');
insert into Card values(111566,'RONNIE RICKETTS',54776,'RONNIE.RICKETTS@sakilacustomer.org','2021-01-01','2021-01-01','2026-01-01',17,45000,'A','AD_461','Platinum');
insert into Card values(111567,'BILL GAVIN',54777,'BILL.GAVIN@sakilacustomer.org','2021-01-01','2021-01-01','2026-01-01',17,120000,'A','AD_462','Visa');
insert into Card values(111568,'LLOYD DOWD',54778,'LLOYD.DOWD@sakilacustomer.org','2021-01-01','2021-01-01','2026-01-01',17,90000,'A','AD_463','Gold');
insert into Card values(111569,'TOMMY COLLAZO',54779,'TOMMY.COLLAZO@sakilacustomer.org','2021-01-01','2021-01-01','2026-01-01',17,25000,'A','AD_464','Classic');
insert into Card values(111570,'LEON BOSTIC',54780,'LEON.BOSTIC@sakilacustomer.org','2021-01-01','2021-01-01','2026-01-01',17,100000,'A','AD_465','Titanium');
insert into Card values(111571,'DEREK BLAKELY',54781,'DEREK.BLAKELY@sakilacustomer.org','2021-01-01','2021-01-01','2026-01-01',17,75000,'A','AD_466','Silver');
insert into Card values(111572,'WARREN SHERROD',54782,'WARREN.SHERROD@sakilacustomer.org','2021-01-01','2021-01-01','2026-01-01',17,400000,'A','AD_467','Business');
insert into Card values(111573,'DARRELL POWER',54783,'DARRELL.POWER@sakilacustomer.org','2021-01-01','2021-01-01','2026-01-01',17,45000,'A','AD_468','Platinum');
insert into Card values(111574,'JEROME KENYON',54784,'JEROME.KENYON@sakilacustomer.org','2021-01-01','2021-01-01','2026-01-01',17,120000,'A','AD_469','Visa');
insert into Card values(111575,'FLOYD GANDY',54785,'FLOYD.GANDY@sakilacustomer.org','2021-01-01','2021-01-01','2026-01-01',17,90000,'A','AD_470','Gold');
insert into Card values(111576,'LEO EBERT',54786,'LEO.EBERT@sakilacustomer.org','2021-01-01','2021-01-01','2026-01-01',17,25000,'A','AD_471','Classic');
insert into Card values(111577,'ALVIN DELOACH',54787,'ALVIN.DELOACH@sakilacustomer.org','2021-01-01','2021-01-01','2026-01-01',17,100000,'A','AD_472','Titanium');
insert into Card values(111578,'TIM CARY',54788,'TIM.CARY@sakilacustomer.org','2021-01-01','2021-01-01','2026-01-01',17,75000,'A','AD_473','Silver');
insert into Card values(111579,'WESLEY BULL',54789,'WESLEY.BULL@sakilacustomer.org','2021-01-01','2021-01-01','2026-01-01',17,400000,'A','AD_474','Business');
insert into Card values(111580,'GORDON ALLARD',54790,'GORDON.ALLARD@sakilacustomer.org','2021-01-01','2021-01-01','2026-01-01',17,45000,'A','AD_475','Platinum');
insert into Card values(111581,'DEAN SAUER',54791,'DEAN.SAUER@sakilacustomer.org','2021-01-01','2021-01-01','2026-01-01',17,120000,'A','AD_476','Visa');
insert into Card values(111582,'GREG ROBINS',54792,'GREG.ROBINS@sakilacustomer.org','2021-01-01','2021-01-01','2026-01-01',17,90000,'A','AD_477','Gold');
insert into Card values(111583,'JORGE OLIVARES',54793,'JORGE.OLIVARES@sakilacustomer.org','2021-01-01','2021-01-01','2026-01-01',17,25000,'A','AD_478','Classic');
insert into Card values(111584,'DUSTIN GILLETTE',54794,'DUSTIN.GILLETTE@sakilacustomer.org','2021-01-01','2021-01-01','2026-01-01',17,100000,'A','AD_479','Titanium');
insert into Card values(111585,'PEDRO CHESTNUT',54795,'PEDRO.CHESTNUT@sakilacustomer.org','2021-01-01','2021-01-01','2026-01-01',17,75000,'A','AD_480','Silver');
insert into Card values(111586,'DERRICK BOURQUE',54796,'DERRICK.BOURQUE@sakilacustomer.org','2021-01-01','2021-01-01','2026-01-01',17,400000,'A','AD_481','Business');
insert into Card values(111587,'DAN PAINE',54797,'DAN.PAINE@sakilacustomer.org','2021-01-01','2021-01-01','2026-01-01',1,45000,'A','AD_482','Platinum');
insert into Card values(111588,'LEWIS LYMAN',54798,'LEWIS.LYMAN@sakilacustomer.org','2021-01-01','2021-01-01','2026-01-01',1,120000,'A','AD_483','Visa');
insert into Card values(111589,'ZACHARY HITE',54799,'ZACHARY.HITE@sakilacustomer.org','2021-01-01','2021-01-01','2026-01-01',1,90000,'A','AD_484','Gold');
insert into Card values(111590,'COREY HAUSER',54800,'COREY.HAUSER@sakilacustomer.org','2021-01-01','2021-01-01','2026-01-01',1,25000,'A','AD_485','Classic');
insert into Card values(111591,'HERMAN DEVORE',54801,'HERMAN.DEVORE@sakilacustomer.org','2021-01-01','2021-01-01','2026-01-01',1,100000,'A','AD_486','Titanium');
insert into Card values(111592,'MAURICE CRAWLEY',54802,'MAURICE.CRAWLEY@sakilacustomer.org','2021-01-01','2021-01-01','2026-01-01',1,75000,'A','AD_487','Silver');
insert into Card values(111593,'VERNON CHAPA',54803,'VERNON.CHAPA@sakilacustomer.org','2021-01-01','2021-01-01','2026-01-01',1,400000,'A','AD_488','Business');
insert into Card values(111594,'ROBERTO VU',54804,'ROBERTO.VU@sakilacustomer.org','2021-01-01','2021-01-01','2026-01-01',1,45000,'A','AD_489','Platinum');
insert into Card values(111595,'CLYDE TOBIAS',54805,'CLYDE.TOBIAS@sakilacustomer.org','2021-01-01','2021-01-01','2026-01-01',1,120000,'A','AD_490','Visa');
insert into Card values(111596,'GLEN TALBERT',54806,'GLEN.TALBERT@sakilacustomer.org','2021-01-01','2021-01-01','2026-01-01',1,90000,'A','AD_491','Gold');
insert into Card values(111597,'HECTOR POINDEXTER',54807,'HECTOR.POINDEXTER@sakilacustomer.org','2021-01-01','2021-01-01','2026-01-01',1,25000,'A','AD_492','Classic');
insert into Card values(111598,'SHANE MILLARD',54808,'SHANE.MILLARD@sakilacustomer.org','2021-01-01','2021-01-01','2026-01-01',1,100000,'A','AD_493','Titanium');
insert into Card values(111599,'RICARDO MEADOR',54809,'RICARDO.MEADOR@sakilacustomer.org','2021-01-01','2021-01-01','2026-01-01',1,75000,'A','AD_494','Silver');
insert into Card values(111600,'SAM MCDUFFIE',54810,'SAM.MCDUFFIE@sakilacustomer.org','2021-01-01','2021-01-01','2026-01-01',1,400000,'A','AD_495','Business');
insert into Card values(111601,'RICK MATTOX',54811,'RICK.MATTOX@sakilacustomer.org','2021-01-01','2021-01-01','2026-01-01',1,45000,'A','AD_496','Platinum');
insert into Card values(111602,'LESTER KRAUS',54812,'LESTER.KRAUS@sakilacustomer.org','2021-01-01','2021-01-01','2026-01-01',1,120000,'A','AD_497','Visa');
insert into Card values(111603,'BRENT HARKINS',54813,'BRENT.HARKINS@sakilacustomer.org','2021-01-01','2021-01-01','2026-01-01',1,90000,'A','AD_498','Gold');
insert into Card values(111604,'RAMON CHOATE',54814,'RAMON.CHOATE@sakilacustomer.org','2021-01-01','2021-01-01','2026-01-01',1,25000,'A','AD_499','Classic');
insert into Card values(111605,'CHARLIE BESS',54815,'CHARLIE.BESS@sakilacustomer.org','2021-01-01','2021-01-01','2026-01-01',1,100000,'A','AD_500','Titanium');
insert into Card values(111606,'TYLER WREN',54816,'TYLER.WREN@sakilacustomer.org','2021-01-01','2021-01-01','2026-01-01',1,75000,'A','AD_501','Silver');
insert into Card values(111607,'GILBERT SLEDGE',54817,'GILBERT.SLEDGE@sakilacustomer.org','2021-01-01','2021-01-01','2026-01-01',1,400000,'A','AD_502','Business');
insert into Card values(111608,'GENE SANBORN',54818,'GENE.SANBORN@sakilacustomer.org','2021-01-01','2021-01-01','2026-01-01',1,45000,'A','AD_503','Platinum');
insert into Card values(111609,'MARC OUTLAW',54819,'MARC.OUTLAW@sakilacustomer.org','2021-01-01','2021-01-01','2026-01-01',1,120000,'A','AD_504','Visa');
insert into Card values(111610,'REGINALD KINDER',54820,'REGINALD.KINDER@sakilacustomer.org','2021-01-01','2021-01-01','2026-01-01',1,90000,'A','AD_505','Gold');
insert into Card values(111611,'RUBEN GEARY',54821,'RUBEN.GEARY@sakilacustomer.org','2021-01-01','2021-01-01','2026-01-01',1,25000,'A','AD_506','Classic');
insert into Card values(111612,'BRETT CORNWELL',54822,'BRETT.CORNWELL@sakilacustomer.org','2021-01-01','2021-01-01','2026-01-01',1,100000,'A','AD_507','Titanium');
insert into Card values(111613,'ANGEL BARCLAY',54823,'ANGEL.BARCLAY@sakilacustomer.org','2021-01-01','2021-01-01','2026-01-01',1,75000,'A','AD_508','Silver');
insert into Card values(111614,'NATHANIEL ADAM',54824,'NATHANIEL.ADAM@sakilacustomer.org','2021-01-01','2021-01-01','2026-01-01',1,400000,'A','AD_509','Business');
insert into Card values(111615,'RAFAEL ABNEY',54825,'RAFAEL.ABNEY@sakilacustomer.org','2021-01-01','2021-01-01','2026-01-01',1,45000,'A','AD_510','Platinum');
insert into Card values(111616,'LESLIE SEWARD',54826,'LESLIE.SEWARD@sakilacustomer.org','2021-01-01','2021-01-01','2026-01-01',1,120000,'A','AD_511','Visa');
insert into Card values(111617,'EDGAR RHOADS',54827,'EDGAR.RHOADS@sakilacustomer.org','2021-01-01','2021-01-01','2026-01-01',1,90000,'A','AD_512','Gold');
insert into Card values(111618,'MILTON HOWLAND',54828,'MILTON.HOWLAND@sakilacustomer.org','2021-01-01','2021-01-01','2026-01-01',1,25000,'A','AD_513','Classic');
insert into Card values(111619,'RAUL FORTIER',54829,'RAUL.FORTIER@sakilacustomer.org','2021-01-01','2021-01-01','2026-01-01',1,100000,'A','AD_514','Titanium');
insert into Card values(111620,'BEN EASTER',54830,'BEN.EASTER@sakilacustomer.org','2021-01-01','2021-01-01','2026-01-01',1,75000,'A','AD_515','Silver');
insert into Card values(111621,'CHESTER BENNER',54831,'CHESTER.BENNER@sakilacustomer.org','2021-01-01','2021-01-01','2026-01-01',1,400000,'A','AD_516','Business');
insert into Card values(111622,'CECIL VINES',54832,'CECIL.VINES@sakilacustomer.org','2021-01-01','2021-01-01','2026-01-01',1,45000,'A','AD_517','Platinum');
insert into Card values(111623,'DUANE TUBBS',54833,'DUANE.TUBBS@sakilacustomer.org','2021-01-01','2021-01-01','2026-01-01',1,120000,'A','AD_519','Visa');
insert into Card values(111624,'FRANKLIN TROUTMAN',54834,'FRANKLIN.TROUTMAN@sakilacustomer.org','2021-01-01','2021-01-01','2026-01-01',1,90000,'A','AD_520','Gold');
insert into Card values(111625,'ANDRE RAPP',54835,'ANDRE.RAPP@sakilacustomer.org','2021-01-01','2021-01-01','2026-01-01',1,25000,'A','AD_521','Classic');
insert into Card values(111626,'ELMER NOE',54836,'ELMER.NOE@sakilacustomer.org','2021-01-01','2021-01-01','2026-01-01',1,100000,'A','AD_522','Titanium');
insert into Card values(111627,'BRAD MCCURDY',54837,'BRAD.MCCURDY@sakilacustomer.org','2021-01-01','2021-01-01','2026-01-01',1,75000,'A','AD_523','Silver');
insert into Card values(111628,'GABRIEL HARDER',54838,'GABRIEL.HARDER@sakilacustomer.org','2021-01-01','2021-01-01','2026-01-01',1,400000,'A','AD_524','Business');
insert into Card values(111629,'RON DELUCA',54839,'RON.DELUCA@sakilacustomer.org','2021-01-01','2021-01-01','2026-01-01',1,45000,'A','AD_525','Platinum');
insert into Card values(111630,'MITCHELL WESTMORELAND',54840,'MITCHELL.WESTMORELAND@sakilacustomer.org','2021-01-01','2021-01-01','2026-01-01',1,120000,'A','AD_526','Visa');
insert into Card values(111631,'ROLAND SOUTH',54841,'ROLAND.SOUTH@sakilacustomer.org','2021-01-01','2021-01-01','2026-01-01',1,90000,'A','AD_527','Gold');
insert into Card values(111632,'ARNOLD HAVENS',54842,'ARNOLD.HAVENS@sakilacustomer.org','2021-01-01','2021-01-01','2026-01-01',1,25000,'A','AD_528','Classic');
insert into Card values(111633,'HARVEY GUAJARDO',54843,'HARVEY.GUAJARDO@sakilacustomer.org','2021-01-01','2021-01-01','2026-01-01',1,100000,'A','AD_529','Titanium');
insert into Card values(111634,'JARED ELY',54844,'JARED.ELY@sakilacustomer.org','2021-01-01','2021-01-01','2026-01-01',1,75000,'A','AD_530','Silver');
insert into Card values(111635,'ADRIAN CLARY',54845,'ADRIAN.CLARY@sakilacustomer.org','2021-01-01','2021-01-01','2026-01-01',1,400000,'A','AD_531','Business');
insert into Card values(111636,'KARL SEAL',54846,'KARL.SEAL@sakilacustomer.org','2021-01-01','2021-01-01','2026-01-01',17,45000,'A','AD_532','Platinum');
insert into Card values(111637,'CORY MEEHAN',54847,'CORY.MEEHAN@sakilacustomer.org','2021-01-01','2021-01-01','2026-01-01',17,120000,'A','AD_533','Visa');
insert into Card values(111638,'CLAUDE HERZOG',54848,'CLAUDE.HERZOG@sakilacustomer.org','2021-01-01','2021-01-01','2026-01-01',17,90000,'A','AD_534','Gold');
insert into Card values(111639,'ERIK GUILLEN',54849,'ERIK.GUILLEN@sakilacustomer.org','2021-01-01','2021-01-01','2026-01-01',17,25000,'A','AD_535','Classic');
insert into Card values(111640,'DARRYL ASHCRAFT',54850,'DARRYL.ASHCRAFT@sakilacustomer.org','2021-01-01','2021-01-01','2026-01-01',17,100000,'A','AD_536','Titanium');
insert into Card values(111641,'JAMIE WAUGH',54851,'JAMIE.WAUGH@sakilacustomer.org','2021-01-01','2021-01-01','2026-01-01',17,75000,'A','AD_537','Silver');
insert into Card values(111642,'NEIL RENNER',54852,'NEIL.RENNER@sakilacustomer.org','2021-01-01','2021-01-01','2026-01-01',17,400000,'A','AD_538','Business');
insert into Card values(111643,'JESSIE MILAM',54853,'JESSIE.MILAM@sakilacustomer.org','2021-01-01','2021-01-01','2026-01-01',17,45000,'A','AD_539','Platinum');
insert into Card values(111644,'CHRISTIAN JUNG',54854,'CHRISTIAN.JUNG@sakilacustomer.org','2021-01-01','2021-01-01','2026-01-01',17,120000,'A','AD_540','Visa');
insert into Card values(111645,'JAVIER ELROD',54855,'JAVIER.ELROD@sakilacustomer.org','2021-01-01','2021-01-01','2026-01-01',17,90000,'A','AD_541','Gold');
insert into Card values(111646,'FERNANDO CHURCHILL',54856,'FERNANDO.CHURCHILL@sakilacustomer.org','2021-01-01','2021-01-01','2026-01-01',17,25000,'A','AD_542','Classic');
insert into Card values(111647,'CLINTON BUFORD',54857,'CLINTON.BUFORD@sakilacustomer.org','2021-01-01','2021-01-01','2026-01-01',17,100000,'A','AD_543','Titanium');
insert into Card values(111648,'TED BREAUX',54858,'TED.BREAUX@sakilacustomer.org','2021-01-01','2021-01-01','2026-01-01',17,75000,'A','AD_544','Silver');
insert into Card values(111649,'MATHEW BOLIN',54859,'MATHEW.BOLIN@sakilacustomer.org','2021-01-01','2021-01-01','2026-01-01',17,400000,'A','AD_545','Business');
insert into Card values(111650,'TYRONE ASHER',54860,'TYRONE.ASHER@sakilacustomer.org','2021-01-01','2021-01-01','2026-01-01',17,45000,'A','AD_546','Platinum');
insert into Card values(111651,'DARREN WINDHAM',54861,'DARREN.WINDHAM@sakilacustomer.org','2021-01-01','2021-01-01','2026-01-01',17,120000,'A','AD_547','Visa');
insert into Card values(111652,'LONNIE TIRADO',54862,'LONNIE.TIRADO@sakilacustomer.org','2021-01-01','2021-01-01','2026-01-01',17,90000,'A','AD_548','Gold');
insert into Card values(111653,'LANCE PEMBERTON',54863,'LANCE.PEMBERTON@sakilacustomer.org','2021-01-01','2021-01-01','2026-01-01',17,25000,'A','AD_549','Classic');
insert into Card values(111654,'CODY NOLEN',54864,'CODY.NOLEN@sakilacustomer.org','2021-01-01','2021-01-01','2026-01-01',17,100000,'A','AD_550','Titanium');
insert into Card values(111655,'JULIO NOLAND',54865,'JULIO.NOLAND@sakilacustomer.org','2021-01-01','2021-01-01','2026-01-01',17,75000,'A','AD_551','Silver');
insert into Card values(111656,'KELLY KNOTT',54866,'KELLY.KNOTT@sakilacustomer.org','2021-01-01','2021-01-01','2026-01-01',17,400000,'A','AD_552','Business');
insert into Card values(111657,'KURT EMMONS',54867,'KURT.EMMONS@sakilacustomer.org','2021-01-01','2021-01-01','2026-01-01',17,45000,'A','AD_553','Platinum');
insert into Card values(111658,'ALLAN CORNISH',54868,'ALLAN.CORNISH@sakilacustomer.org','2021-01-01','2021-01-01','2026-01-01',17,120000,'A','AD_554','Visa');
insert into Card values(111659,'NELSON CHRISTENSON',54869,'NELSON.CHRISTENSON@sakilacustomer.org','2021-01-01','2021-01-01','2026-01-01',17,90000,'A','AD_555','Gold');
insert into Card values(111660,'GUY BROWNLEE',54870,'GUY.BROWNLEE@sakilacustomer.org','2021-01-01','2021-01-01','2026-01-01',17,25000,'A','AD_556','Classic');
insert into Card values(111661,'CLAYTON BARBEE',54871,'CLAYTON.BARBEE@sakilacustomer.org','2021-01-01','2021-01-01','2026-01-01',17,100000,'A','AD_557','Titanium');
insert into Card values(111662,'HUGH WALDROP',54872,'HUGH.WALDROP@sakilacustomer.org','2021-01-01','2021-01-01','2026-01-01',17,75000,'A','AD_558','Silver');
insert into Card values(111663,'MAX PITT',54873,'MAX.PITT@sakilacustomer.org','2021-01-01','2021-01-01','2026-01-01',17,400000,'A','AD_559','Business');
insert into Card values(111664,'DWAYNE OLVERA',54874,'DWAYNE.OLVERA@sakilacustomer.org','2021-01-01','2021-01-01','2026-01-01',17,45000,'A','AD_560','Platinum');
insert into Card values(111665,'DWIGHT LOMBARDI',54875,'DWIGHT.LOMBARDI@sakilacustomer.org','2021-01-01','2021-01-01','2026-01-01',17,120000,'A','AD_561','Visa');
insert into Card values(111666,'ARMANDO GRUBER',54876,'ARMANDO.GRUBER@sakilacustomer.org','2021-01-01','2021-01-01','2026-01-01',17,90000,'A','AD_562','Gold');
insert into Card values(111667,'FELIX GAFFNEY',54877,'FELIX.GAFFNEY@sakilacustomer.org','2021-01-01','2021-01-01','2026-01-01',17,25000,'A','AD_563','Classic');
insert into Card values(111668,'JIMMIE EGGLESTON',54878,'JIMMIE.EGGLESTON@sakilacustomer.org','2021-01-01','2021-01-01','2026-01-01',17,100000,'A','AD_564','Titanium');
insert into Card values(111669,'EVERETT BANDA',54879,'EVERETT.BANDA@sakilacustomer.org','2021-01-01','2021-01-01','2026-01-01',17,75000,'A','AD_565','Silver');
insert into Card values(111670,'JORDAN ARCHULETA',54880,'JORDAN.ARCHULETA@sakilacustomer.org','2021-01-01','2021-01-01','2026-01-01',17,400000,'A','AD_566','Business');
insert into Card values(111671,'IAN STILL',54881,'IAN.STILL@sakilacustomer.org','2021-01-01','2021-01-01','2026-01-01',17,45000,'A','AD_567','Platinum');
insert into Card values(111672,'WALLACE SLONE',54882,'WALLACE.SLONE@sakilacustomer.org','2021-01-01','2021-01-01','2026-01-01',17,120000,'A','AD_568','Visa');
insert into Card values(111673,'KEN PREWITT',54883,'KEN.PREWITT@sakilacustomer.org','2021-01-01','2021-01-01','2026-01-01',17,90000,'A','AD_569','Gold');
insert into Card values(111674,'BOB PFEIFFER',54884,'BOB.PFEIFFER@sakilacustomer.org','2021-01-01','2021-01-01','2026-01-01',17,25000,'A','AD_570','Classic');
insert into Card values(111675,'JAIME NETTLES',54885,'JAIME.NETTLES@sakilacustomer.org','2021-01-01','2021-01-01','2026-01-01',17,100000,'A','AD_571','Titanium');
insert into Card values(111676,'CASEY MENA',54886,'CASEY.MENA@sakilacustomer.org','2021-01-01','2021-01-01','2026-01-01',17,75000,'A','AD_572','Silver');
insert into Card values(111677,'ALFREDO MCADAMS',54887,'ALFREDO.MCADAMS@sakilacustomer.org','2021-01-01','2021-01-01','2026-01-01',17,400000,'A','AD_573','Business');
insert into Card values(111678,'ALBERTO HENNING',54888,'ALBERTO.HENNING@sakilacustomer.org','2021-01-01','2021-01-01','2026-01-01',17,45000,'A','AD_574','Platinum');
insert into Card values(111679,'DAVE GARDINER',54889,'DAVE.GARDINER@sakilacustomer.org','2021-01-01','2021-01-01','2026-01-01',17,120000,'A','AD_575','Visa');
insert into Card values(111680,'IVAN CROMWELL',54890,'IVAN.CROMWELL@sakilacustomer.org','2021-01-01','2021-01-01','2026-01-01',17,90000,'A','AD_576','Gold');
insert into Card values(111681,'JOHNNIE CHISHOLM',54891,'JOHNNIE.CHISHOLM@sakilacustomer.org','2021-01-01','2021-01-01','2026-01-01',17,25000,'A','AD_577','Classic');
insert into Card values(111682,'SIDNEY BURLESON',54892,'SIDNEY.BURLESON@sakilacustomer.org','2021-01-01','2021-01-01','2026-01-01',17,100000,'A','AD_578','Titanium');
insert into Card values(111683,'BYRON BOX',54893,'BYRON.BOX@sakilacustomer.org','2021-01-01','2021-01-01','2026-01-01',17,75000,'A','AD_579','Silver');
insert into Card values(111684,'JULIAN VEST',54894,'JULIAN.VEST@sakilacustomer.org','2021-01-01','2021-01-01','2026-01-01',17,400000,'A','AD_580','Business');
insert into Card values(111685,'ISAAC OGLESBY',54895,'ISAAC.OGLESBY@sakilacustomer.org','2021-01-01','2021-01-01','2026-01-01',17,45000,'A','AD_581','Platinum');
insert into Card values(111686,'MORRIS MCCARTER',54896,'MORRIS.MCCARTER@sakilacustomer.org','2021-01-01','2021-01-01','2026-01-01',17,120000,'A','AD_582','Visa');
insert into Card values(111687,'CLIFTON MALCOLM',54897,'CLIFTON.MALCOLM@sakilacustomer.org','2021-01-01','2021-01-01','2026-01-01',17,90000,'A','AD_583','Gold');
insert into Card values(111688,'WILLARD LUMPKIN',54898,'WILLARD.LUMPKIN@sakilacustomer.org','2021-01-01','2021-01-01','2026-01-01',17,25000,'A','AD_584','Classic');
insert into Card values(111689,'DARYL LARUE',54899,'DARYL.LARUE@sakilacustomer.org','2021-01-01','2021-01-01','2026-01-01',17,100000,'A','AD_585','Titanium');
insert into Card values(111690,'ROSS GREY',54900,'ROSS.GREY@sakilacustomer.org','2021-01-01','2021-01-01','2026-01-01',17,75000,'A','AD_586','Silver');
insert into Card values(111691,'VIRGIL WOFFORD',54901,'VIRGIL.WOFFORD@sakilacustomer.org','2021-01-01','2021-01-01','2026-01-01',17,400000,'A','AD_587','Business');
insert into Card values(111692,'ANDY VANHORN',54902,'ANDY.VANHORN@sakilacustomer.org','2021-01-01','2021-01-01','2026-01-01',17,45000,'A','AD_588','Platinum');
insert into Card values(111693,'MARSHALL THORN',54903,'MARSHALL.THORN@sakilacustomer.org','2021-01-01','2021-01-01','2026-01-01',17,120000,'A','AD_589','Visa');
insert into Card values(111694,'SALVADOR TEEL',54904,'SALVADOR.TEEL@sakilacustomer.org','2021-01-01','2021-01-01','2026-01-01',17,90000,'A','AD_590','Gold');
insert into Card values(111695,'PERRY SWAFFORD',54905,'PERRY.SWAFFORD@sakilacustomer.org','2021-01-01','2021-01-01','2026-01-01',17,25000,'A','AD_591','Classic');
insert into Card values(111696,'KIRK STCLAIR',54906,'KIRK.STCLAIR@sakilacustomer.org','2021-01-01','2021-01-01','2026-01-01',17,100000,'A','AD_592','Titanium');
insert into Card values(111697,'SERGIO STANFIELD',54907,'SERGIO.STANFIELD@sakilacustomer.org','2021-01-01','2021-01-01','2026-01-01',17,75000,'A','AD_593','Silver');
insert into Card values(111698,'MARION OCAMPO',54908,'MARION.OCAMPO@sakilacustomer.org','2021-01-01','2021-01-01','2026-01-01',17,400000,'A','AD_594','Business');
insert into Card values(111699,'TRACY HERRMANN',54909,'TRACY.HERRMANN@sakilacustomer.org','2021-01-01','2021-01-01','2026-01-01',17,45000,'A','AD_595','Platinum');
insert into Card values(111700,'SETH HANNON',54910,'SETH.HANNON@sakilacustomer.org','2021-01-01','2021-01-01','2026-01-01',17,120000,'A','AD_596','Visa');
insert into Card values(111701,'KENT ARSENAULT',54911,'KENT.ARSENAULT@sakilacustomer.org','2021-01-01','2021-01-01','2026-01-01',17,90000,'A','AD_597','Gold');
insert into Card values(111702,'TERRANCE ROUSH',54912,'TERRANCE.ROUSH@sakilacustomer.org','2021-01-01','2021-01-01','2026-01-01',17,25000,'A','AD_598','Classic');
insert into Card values(111703,'RENE MCALISTER',54913,'RENE.MCALISTER@sakilacustomer.org','2021-01-01','2021-01-01','2026-01-01',17,100000,'A','AD_599','Titanium');
insert into Card values(111704,'EDUARDO HIATT',54914,'EDUARDO.HIATT@sakilacustomer.org','2021-01-01','2021-01-01','2026-01-01',17,75000,'A','AD_600','Silver');
insert into Card values(111705,'TERRENCE GUNDERSON',54915,'TERRENCE.GUNDERSON@sakilacustomer.org','2021-01-01','2021-01-01','2026-01-01',17,400000,'A','AD_601','Business');
insert into Card values(111706,'ENRIQUE FORSYTHE',54916,'ENRIQUE.FORSYTHE@sakilacustomer.org','2021-01-01','2021-01-01','2026-01-01',1,45000,'A','AD_602','Platinum');
insert into Card values(111707,'FREDDIE DUGGAN',54917,'FREDDIE.DUGGAN@sakilacustomer.org','2021-01-01','2021-01-01','2026-01-01',1,120000,'A','AD_603','Visa');
insert into Card values(111708,'WADE DELVALLE',54918,'WADE.DELVALLE@sakilacustomer.org','2021-01-01','2021-01-01','2026-01-01',1,90000,'A','AD_604','Gold');
insert into Card values(111709,'AUSTIN CINTRON',54919,'AUSTIN.CINTRON@sakilacustomer.org','2021-01-01','2021-01-01','2026-01-01',1,25000,'A','AD_605','Classic');
insert into Card values(111710,'LAWSON JEANNE',54920,'LAWSON.JEANNE@customer.org','2021-01-01','2021-01-01','2026-01-01',1,100000,'A','AD_5','Titanium');
insert into Card values(111711,'FIELDS VICKI',54921,'FIELDS.VICKI@customer.org','2021-01-01','2021-01-01','2026-01-01',1,75000,'A','AD_6','Silver');
insert into Card values(111712,'GUTIERREZ CARLA',54922,'GUTIERREZ.CARLA@customer.org','2021-01-01','2021-01-01','2026-01-01',1,400000,'A','AD_7','Business');
insert into Card values(111713,'RYAN TARA',54923,'RYAN.TARA@customer.org','2021-01-01','2021-01-01','2026-01-01',1,45000,'A','AD_8','Platinum');
insert into Card values(111714,'SCHMIDT ROSEMARY',54924,'SCHMIDT.ROSEMARY@customer.org','2021-01-01','2021-01-01','2026-01-01',1,120000,'A','AD_9','Visa');
insert into Card values(111715,'CARR EILEEN',54925,'CARR.EILEEN@customer.org','2021-01-01','2021-01-01','2026-01-01',1,90000,'A','AD_10','Gold');
insert into Card values(111716,'VASQUEZ TERRI',54926,'VASQUEZ.TERRI@customer.org','2021-01-01','2021-01-01','2026-01-01',1,25000,'A','AD_11','Classic');
insert into Card values(111717,'CASTILLO GERTRUDE',54927,'CASTILLO.GERTRUDE@customer.org','2021-01-01','2021-01-01','2026-01-01',1,100000,'A','AD_12','Titanium');
insert into Card values(111718,'WHEELER LUCY',54928,'WHEELER.LUCY@customer.org','2021-01-01','2021-01-01','2026-01-01',1,75000,'A','AD_13','Silver');
insert into Card values(111719,'CHAPMAN TONYA',54929,'CHAPMAN.TONYA@customer.org','2021-01-01','2021-01-01','2026-01-01',1,400000,'A','AD_14','Business');
insert into Card values(111720,'OLIVER ELLA',54930,'OLIVER.ELLA@customer.org','2021-01-01','2021-01-01','2026-01-01',1,45000,'A','AD_15','Platinum');
insert into Card values(111721,'MONTGOMERY STACEY',54931,'MONTGOMERY.STACEY@customer.org','2021-01-01','2021-01-01','2026-01-01',1,120000,'A','AD_16','Visa');
insert into Card values(111722,'RICHARDS WILMA',54932,'RICHARDS.WILMA@customer.org','2021-01-01','2021-01-01','2026-01-01',1,90000,'A','AD_17','Gold');
insert into Card values(111723,'WILLIAMSON GINA',54933,'WILLIAMSON.GINA@customer.org','2021-01-01','2021-01-01','2026-01-01',1,25000,'A','AD_18','Classic');
insert into Card values(111724,'JOHNSTON KRISTIN',54934,'JOHNSTON.KRISTIN@customer.org','2021-01-01','2021-01-01','2026-01-01',1,100000,'A','AD_19','Titanium');
insert into Card values(111725,'BANKS JESSIE',54935,'BANKS.JESSIE@customer.org','2021-01-01','2021-01-01','2026-01-01',1,75000,'A','AD_20','Silver');
insert into Card values(111726,'MEYER NATALIE',54936,'MEYER.NATALIE@customer.org','2021-01-01','2021-01-01','2026-01-01',1,400000,'A','AD_21','Business');
insert into Card values(111727,'BISHOP AGNES',54937,'BISHOP.AGNES@customer.org','2021-01-01','2021-01-01','2026-01-01',1,45000,'A','AD_22','Platinum');
insert into Card values(111728,'MCCOY VERA',54938,'MCCOY.VERA@customer.org','2021-01-01','2021-01-01','2026-01-01',1,120000,'A','AD_23','Visa');
insert into Card values(111729,'HOWELL WILLIE',54939,'HOWELL.WILLIE@customer.org','2021-01-01','2021-01-01','2026-01-01',1,90000,'A','AD_24','Gold');
insert into Card values(111730,'ALVAREZ CHARLENE',54940,'ALVAREZ.CHARLENE@customer.org','2021-01-01','2021-01-01','2026-01-01',1,25000,'A','AD_25','Classic');
insert into Card values(111731,'MORRISON BESSIE',54941,'MORRISON.BESSIE@customer.org','2021-01-01','2021-01-01','2026-01-01',1,100000,'A','AD_26','Titanium');
insert into Card values(111732,'HANSEN DELORES',54942,'HANSEN.DELORES@customer.org','2021-01-01','2021-01-01','2026-01-01',1,75000,'A','AD_27','Silver');
insert into Card values(111733,'FERNANDEZ MELINDA',54943,'FERNANDEZ.MELINDA@customer.org','2021-01-01','2021-01-01','2026-01-01',1,400000,'A','AD_28','Business');
insert into Card values(111734,'GARZA PEARL',54944,'GARZA.PEARL@customer.org','2021-01-01','2021-01-01','2026-01-01',1,45000,'A','AD_29','Platinum');
insert into Card values(111735,'HARVEY ARLENE',54945,'HARVEY.ARLENE@customer.org','2021-01-01','2021-01-01','2026-01-01',1,120000,'A','AD_30','Visa');
insert into Card values(111736,'LITTLE MAUREEN',54946,'LITTLE.MAUREEN@customer.org','2021-01-01','2021-01-01','2026-01-01',1,90000,'A','AD_31','Gold');
insert into Card values(111737,'BURTON COLLEEN',54947,'BURTON.COLLEEN@customer.org','2021-01-01','2021-01-01','2026-01-01',1,25000,'A','AD_32','Classic');
insert into Card values(111738,'STANLEY ALLISON',54948,'STANLEY.ALLISON@customer.org','2021-01-01','2021-01-01','2026-01-01',1,100000,'A','AD_33','Titanium');
insert into Card values(111739,'NGUYEN TAMARA',54949,'NGUYEN.TAMARA@customer.org','2021-01-01','2021-01-01','2026-01-01',1,75000,'A','AD_34','Silver');
insert into Card values(111740,'GEORGE JOY',54950,'GEORGE.JOY@customer.org','2021-01-01','2021-01-01','2026-01-01',1,400000,'A','AD_35','Business');
insert into Card values(111741,'JACOBS GEORGIA',54951,'JACOBS.GEORGIA@customer.org','2021-01-01','2021-01-01','2026-01-01',1,45000,'A','AD_36','Platinum');
insert into Card values(111742,'REID CONSTANCE',54952,'REID.CONSTANCE@customer.org','2021-01-01','2021-01-01','2026-01-01',1,120000,'A','AD_37','Visa');
insert into Card values(111743,'KIM LILLIE',54953,'KIM.LILLIE@customer.org','2021-01-01','2021-01-01','2026-01-01',1,90000,'A','AD_38','Gold');
insert into Card values(111744,'FULLER CLAUDIA',54954,'FULLER.CLAUDIA@customer.org','2021-01-01','2021-01-01','2026-01-01',1,25000,'A','AD_39','Classic');
insert into Card values(111745,'LYNCH JACKIE',54955,'LYNCH.JACKIE@customer.org','2021-01-01','2021-01-01','2026-01-01',1,100000,'A','AD_40','Titanium');
insert into Card values(111746,'DEAN MARCIA',54956,'DEAN.MARCIA@customer.org','2021-01-01','2021-01-01','2026-01-01',1,75000,'A','AD_41','Silver');
insert into Card values(111747,'GILBERT TANYA',54957,'GILBERT.TANYA@customer.org','2021-01-01','2021-01-01','2026-01-01',1,400000,'A','AD_42','Business');
insert into Card values(111748,'GARRETT NELLIE',54958,'GARRETT.NELLIE@customer.org','2021-01-01','2021-01-01','2026-01-01',1,45000,'A','AD_43','Platinum');
insert into Card values(111749,'ROMERO MINNIE',54959,'ROMERO.MINNIE@customer.org','2021-01-01','2021-01-01','2026-01-01',1,120000,'A','AD_44','Visa');
insert into Card values(111750,'WELCH MARLENE',54960,'WELCH.MARLENE@customer.org','2021-01-01','2021-01-01','2026-01-01',1,90000,'A','AD_45','Gold');
insert into Card values(111751,'LARSON HEIDI',54961,'LARSON.HEIDI@customer.org','2021-01-01','2021-01-01','2026-01-01',1,25000,'A','AD_46','Classic');
insert into Card values(111752,'FRAZIER GLENDA',54962,'FRAZIER.GLENDA@customer.org','2021-01-01','2021-01-01','2026-01-01',1,100000,'A','AD_47','Titanium');
insert into Card values(111753,'BURKE LYDIA',54963,'BURKE.LYDIA@customer.org','2021-01-01','2021-01-01','2026-01-01',1,75000,'A','AD_48','Silver');
insert into Card values(111754,'HANSON VIOLA',54964,'HANSON.VIOLA@customer.org','2021-01-01','2021-01-01','2026-01-01',1,400000,'A','AD_49','Business');
insert into Card values(111755,'DAY COURTNEY',54965,'DAY.COURTNEY@customer.org','2021-01-01','2021-01-01','2026-01-01',17,45000,'A','AD_50','Platinum');
insert into Card values(111756,'MENDOZA MARIAN',54966,'MENDOZA.MARIAN@customer.org','2021-01-01','2021-01-01','2026-01-01',17,120000,'A','AD_51','Visa');
insert into Card values(111757,'MORENO STELLA',54967,'MORENO.STELLA@customer.org','2021-01-01','2021-01-01','2026-01-01',17,90000,'A','AD_52','Gold');
insert into Card values(111758,'BOWMAN CAROLINE',54968,'BOWMAN.CAROLINE@customer.org','2021-01-01','2021-01-01','2026-01-01',17,25000,'A','AD_53','Classic');
insert into Card values(111759,'MEDINA DORA',54969,'MEDINA.DORA@customer.org','2021-01-01','2021-01-01','2026-01-01',17,100000,'A','AD_54','Titanium');
insert into Card values(111760,'FOWLER JO',54970,'FOWLER.JO@customer.org','2021-01-01','2021-01-01','2026-01-01',17,75000,'A','AD_55','Silver');
insert into Card values(111761,'BREWER VICKIE',54971,'BREWER.VICKIE@customer.org','2021-01-01','2021-01-01','2026-01-01',17,400000,'A','AD_56','Business');
insert into Card values(111762,'HOFFMAN MATTIE',54972,'HOFFMAN.MATTIE@customer.org','2021-01-01','2021-01-01','2026-01-01',17,45000,'A','AD_57','Platinum');
insert into Card values(111763,'CARLSON TERRY',54973,'CARLSON.TERRY@customer.org','2021-01-01','2021-01-01','2026-01-01',17,120000,'A','AD_58','Visa');
insert into Card values(111764,'SILVA MAXINE',54974,'SILVA.MAXINE@customer.org','2021-01-01','2021-01-01','2026-01-01',17,90000,'A','AD_59','Gold');
insert into Card values(111765,'PEARSON IRMA',54975,'PEARSON.IRMA@customer.org','2021-01-01','2021-01-01','2026-01-01',17,25000,'A','AD_60','Classic');
insert into Card values(111766,'HOLLAND MABEL',54976,'HOLLAND.MABEL@customer.org','2021-01-01','2021-01-01','2026-01-01',17,100000,'A','AD_61','Titanium');
insert into Card values(111767,'DOUGLAS MARSHA',54977,'DOUGLAS.MARSHA@customer.org','2021-01-01','2021-01-01','2026-01-01',17,75000,'A','AD_62','Silver');
insert into Card values(111768,'FLEMING MYRTLE',54978,'FLEMING.MYRTLE@customer.org','2021-01-01','2021-01-01','2026-01-01',17,400000,'A','AD_63','Business');
insert into Card values(111769,'JENSEN LENA',54979,'JENSEN.LENA@customer.org','2021-01-01','2021-01-01','2026-01-01',17,45000,'A','AD_64','Platinum');
insert into Card values(111770,'VARGAS CHRISTY',54980,'VARGAS.CHRISTY@customer.org','2021-01-01','2021-01-01','2026-01-01',17,120000,'A','AD_65','Visa');
insert into Card values(111771,'BYRD DEANNA',54981,'BYRD.DEANNA@customer.org','2021-01-01','2021-01-01','2026-01-01',17,90000,'A','AD_66','Gold');
insert into Card values(111772,'DAVIDSON PATSY',54982,'DAVIDSON.PATSY@customer.org','2021-01-01','2021-01-01','2026-01-01',17,25000,'A','AD_67','Classic');
insert into Card values(111773,'HOPKINS HILDA',54983,'HOPKINS.HILDA@customer.org','2021-01-01','2021-01-01','2026-01-01',17,100000,'A','AD_68','Titanium');
insert into Card values(111774,'MAY GWENDOLYN',54984,'MAY.GWENDOLYN@customer.org','2021-01-01','2021-01-01','2026-01-01',17,75000,'A','AD_69','Silver');
insert into Card values(111775,'TERRY JENNIE',54985,'TERRY.JENNIE@customer.org','2021-01-01','2021-01-01','2026-01-01',17,400000,'A','AD_70','Business');
insert into Card values(111776,'HERRERA NORA',54986,'HERRERA.NORA@customer.org','2021-01-01','2021-01-01','2026-01-01',17,45000,'A','AD_71','Platinum');
insert into Card values(111777,'WADE MARGIE',54987,'WADE.MARGIE@customer.org','2021-01-01','2021-01-01','2026-01-01',17,120000,'A','AD_72','Visa');
insert into Card values(111778,'SOTO NINA',54988,'SOTO.NINA@customer.org','2021-01-01','2021-01-01','2026-01-01',17,90000,'A','AD_73','Gold');
insert into Card values(111779,'WALTERS CASSANDRA',54989,'WALTERS.CASSANDRA@customer.org','2021-01-01','2021-01-01','2026-01-01',17,25000,'A','AD_74','Classic');
insert into Card values(111780,'CURTIS LEAH',54990,'CURTIS.LEAH@customer.org','2021-01-01','2021-01-01','2026-01-01',17,100000,'A','AD_75','Titanium');
insert into Card values(111781,'NEAL PENNY',54991,'NEAL.PENNY@customer.org','2021-01-01','2021-01-01','2026-01-01',17,75000,'A','AD_76','Silver');
insert into Card values(111782,'CALDWELL KAY',54992,'CALDWELL.KAY@customer.org','2021-01-01','2021-01-01','2026-01-01',17,400000,'A','AD_77','Business');
insert into Card values(111783,'LOWE PRISCILLA',54993,'LOWE.PRISCILLA@customer.org','2021-01-01','2021-01-01','2026-01-01',17,45000,'A','AD_78','Platinum');
insert into Card values(111784,'JENNINGS NAOMI',54994,'JENNINGS.NAOMI@customer.org','2021-01-01','2021-01-01','2026-01-01',17,120000,'A','AD_79','Visa');
insert into Card values(111785,'BARNETT CAROLE',54995,'BARNETT.CAROLE@customer.org','2021-01-01','2021-01-01','2026-01-01',17,90000,'A','AD_80','Gold');
insert into Card values(111786,'GRAVES BRANDY',54996,'GRAVES.BRANDY@customer.org','2021-01-01','2021-01-01','2026-01-01',17,25000,'A','AD_81','Classic');
insert into Card values(111787,'JIMENEZ OLGA',54997,'JIMENEZ.OLGA@customer.org','2021-01-01','2021-01-01','2026-01-01',17,100000,'A','AD_82','Titanium');
insert into Card values(111788,'HORTON BILLIE',54998,'HORTON.BILLIE@customer.org','2021-01-01','2021-01-01','2026-01-01',17,75000,'A','AD_83','Silver');
insert into Card values(111789,'SHELTON DIANNE',54999,'SHELTON.DIANNE@customer.org','2021-01-01','2021-01-01','2026-01-01',17,400000,'A','AD_84','Business');
insert into Card values(111790,'BARRETT TRACEY',55000,'BARRETT.TRACEY@customer.org','2021-01-01','2021-01-01','2026-01-01',17,45000,'A','AD_85','Platinum');
insert into Card values(111791,'OBRIEN LEONA',55001,'OBRIEN.LEONA@customer.org','2021-01-01','2021-01-01','2026-01-01',17,120000,'A','AD_86','Visa');
insert into Card values(111792,'CASTRO JENNY',55002,'CASTRO.JENNY@customer.org','2021-01-01','2021-01-01','2026-01-01',17,90000,'A','AD_87','Gold');
insert into Card values(111793,'SUTTON FELICIA',55003,'SUTTON.FELICIA@customer.org','2021-01-01','2021-01-01','2026-01-01',17,25000,'A','AD_88','Classic');
insert into Card values(111794,'GREGORY SONIA',55004,'GREGORY.SONIA@customer.org','2021-01-01','2021-01-01','2026-01-01',17,100000,'A','AD_89','Titanium');
insert into Card values(111795,'MCKINNEY MIRIAM',55005,'MCKINNEY.MIRIAM@customer.org','2021-01-01','2021-01-01','2026-01-01',17,75000,'A','AD_90','Silver');
insert into Card values(111796,'LUCAS VELMA',55006,'LUCAS.VELMA@customer.org','2021-01-01','2021-01-01','2026-01-01',17,400000,'A','AD_91','Business');
insert into Card values(111797,'MILES BECKY',55007,'MILES.BECKY@customer.org','2021-01-01','2021-01-01','2026-01-01',17,45000,'A','AD_92','Platinum');
insert into Card values(111798,'CRAIG BOBBIE',55008,'CRAIG.BOBBIE@customer.org','2021-01-01','2021-01-01','2026-01-01',17,120000,'A','AD_93','Visa');
insert into Card values(111799,'RODRIQUEZ VIOLET',55009,'RODRIQUEZ.VIOLET@customer.org','2021-01-01','2021-01-01','2026-01-01',17,90000,'A','AD_94','Gold');
insert into Card values(111800,'CHAMBERS KRISTINA',55010,'CHAMBERS.KRISTINA@customer.org','2021-01-01','2021-01-01','2026-01-01',17,25000,'A','AD_95','Classic');
insert into Card values(111801,'HOLT TONI',55011,'HOLT.TONI@customer.org','2021-01-01','2021-01-01','2026-01-01',17,100000,'A','AD_96','Titanium');
insert into Card values(111802,'LAMBERT MISTY',55012,'LAMBERT.MISTY@customer.org','2021-01-01','2021-01-01','2026-01-01',17,75000,'A','AD_97','Silver');
insert into Card values(111803,'FLETCHER MAE',55013,'FLETCHER.MAE@customer.org','2021-01-01','2021-01-01','2026-01-01',17,400000,'A','AD_98','Business');
insert into Card values(111804,'WATTS SHELLY',55014,'WATTS.SHELLY@customer.org','2021-01-01','2021-01-01','2026-01-01',17,45000,'A','AD_99','Platinum');
insert into Card values(111805,'BATES DAISY',55015,'BATES.DAISY@customer.org','2021-01-01','2021-01-01','2026-01-01',17,120000,'A','AD_100','Visa');
insert into Card values(111806,'HALE RAMONA',55016,'HALE.RAMONA@customer.org','2021-01-01','2021-01-01','2026-01-01',17,90000,'A','AD_101','Gold');
insert into Card values(111807,'RHODES SHERRI',55017,'RHODES.SHERRI@customer.org','2021-01-01','2021-01-01','2026-01-01',17,25000,'A','AD_102','Classic');
insert into Card values(111808,'PENA ERIKA',55018,'PENA.ERIKA@customer.org','2021-01-01','2021-01-01','2026-01-01',17,100000,'A','AD_103','Titanium');
insert into Card values(111809,'GANNON JAMES',55019,'GANNON.JAMES@customer.org','2021-01-01','2021-01-01','2026-01-01',17,75000,'A','AD_104','Silver');
insert into Card values(111810,'FARNSWORTH JOHN',55020,'FARNSWORTH.JOHN@customer.org','2021-01-01','2021-01-01','2026-01-01',17,400000,'A','AD_105','Business');
insert into Card values(111811,'BAUGHMAN ROBERT',55021,'BAUGHMAN.ROBERT@customer.org','2021-01-01','2021-01-01','2026-01-01',17,45000,'A','AD_106','Platinum');
insert into Card values(111812,'SILVERMAN MICHAEL',55022,'SILVERMAN.MICHAEL@customer.org','2021-01-01','2021-01-01','2026-01-01',17,120000,'A','AD_107','Visa');
insert into Card values(111813,'SATTERFIELD WILLIAM',55023,'SATTERFIELD.WILLIAM@customer.org','2021-01-01','2021-01-01','2026-01-01',17,90000,'A','AD_108','Gold');
insert into Card values(111814,'ROYAL DAVID',55024,'ROYAL.DAVID@customer.org','2021-01-01','2021-01-01','2026-01-01',17,25000,'A','AD_109','Classic');
insert into Card values(111815,'MCCRARY RICHARD',55025,'MCCRARY.RICHARD@customer.org','2021-01-01','2021-01-01','2026-01-01',17,100000,'A','AD_110','Titanium');
insert into Card values(111816,'KOWALSKI CHARLES',55026,'KOWALSKI.CHARLES@customer.org','2021-01-01','2021-01-01','2026-01-01',17,75000,'A','AD_111','Silver');
insert into Card values(111817,'JOY JOSEPH',55027,'JOY.JOSEPH@customer.org','2021-01-01','2021-01-01','2026-01-01',17,400000,'A','AD_112','Business');
insert into Card values(111818,'GRIGSBY THOMAS',55028,'GRIGSBY.THOMAS@customer.org','2021-01-01','2021-01-01','2026-01-01',17,45000,'A','AD_113','Platinum');
insert into Card values(111819,'GRECO CHRISTOPHER',55029,'GRECO.CHRISTOPHER@customer.org','2021-01-01','2021-01-01','2026-01-01',17,120000,'A','AD_114','Visa');
insert into Card values(111820,'CABRAL DANIEL',55030,'CABRAL.DANIEL@customer.org','2021-01-01','2021-01-01','2026-01-01',17,90000,'A','AD_115','Gold');
insert into Card values(111821,'TROUT PAUL',55031,'TROUT.PAUL@customer.org','2021-01-01','2021-01-01','2026-01-01',17,25000,'A','AD_116','Classic');
insert into Card values(111822,'RINEHART MARK',55032,'RINEHART.MARK@customer.org','2021-01-01','2021-01-01','2026-01-01',17,100000,'A','AD_117','Titanium');
insert into Card values(111823,'MAHON DONALD',55033,'MAHON.DONALD@customer.org','2021-01-01','2021-01-01','2026-01-01',17,75000,'A','AD_118','Silver');
insert into Card values(111824,'LINTON GEORGE',55034,'LINTON.GEORGE@customer.org','2021-01-01','2021-01-01','2026-01-01',17,400000,'A','AD_119','Business');
insert into Card values(111825,'GOODEN KENNETH',55035,'GOODEN.KENNETH@customer.org','2021-01-01','2021-01-01','2026-01-01',1,45000,'A','AD_120','Platinum');
insert into Card values(111826,'CURLEY STEVEN',55036,'CURLEY.STEVEN@customer.org','2021-01-01','2021-01-01','2026-01-01',1,120000,'A','AD_121','Visa');
insert into Card values(111827,'BAUGH EDWARD',55037,'BAUGH.EDWARD@customer.org','2021-01-01','2021-01-01','2026-01-01',1,90000,'A','AD_122','Gold');
insert into Card values(111828,'WYMAN BRIAN',55038,'WYMAN.BRIAN@customer.org','2021-01-01','2021-01-01','2026-01-01',1,25000,'A','AD_123','Classic');
insert into Card values(111829,'WEINER RONALD',55039,'WEINER.RONALD@customer.org','2021-01-01','2021-01-01','2026-01-01',1,100000,'A','AD_124','Titanium');
insert into Card values(111830,'SCHWAB ANTHONY',55040,'SCHWAB.ANTHONY@customer.org','2021-01-01','2021-01-01','2026-01-01',1,75000,'A','AD_125','Silver');
insert into Card values(111831,'SCHULER KEVIN',55041,'SCHULER.KEVIN@customer.org','2021-01-01','2021-01-01','2026-01-01',1,400000,'A','AD_126','Business');
insert into Card values(111832,'MORRISSEY JASON',55042,'MORRISSEY.JASON@customer.org','2021-01-01','2021-01-01','2026-01-01',1,45000,'A','AD_127','Platinum');
insert into Card values(111833,'MAHAN MATTHEW',55043,'MAHAN.MATTHEW@customer.org','2021-01-01','2021-01-01','2026-01-01',1,120000,'A','AD_128','Visa');
insert into Card values(111834,'COY GARY',55044,'COY.GARY@customer.org','2021-01-01','2021-01-01','2026-01-01',1,90000,'A','AD_129','Gold');
insert into Card values(111835,'BUNN TIMOTHY',55045,'BUNN.TIMOTHY@customer.org','2021-01-01','2021-01-01','2026-01-01',1,25000,'A','AD_130','Classic');
insert into Card values(111836,'ANDREW JOSE',55046,'ANDREW.JOSE@customer.org','2021-01-01','2021-01-01','2026-01-01',1,100000,'A','AD_131','Titanium');
insert into Card values(111837,'THRASHER LARRY',55047,'THRASHER.LARRY@customer.org','2021-01-01','2021-01-01','2026-01-01',1,75000,'A','AD_132','Silver');
insert into Card values(111838,'SPEAR JEFFREY',55048,'SPEAR.JEFFREY@customer.org','2021-01-01','2021-01-01','2026-01-01',1,400000,'A','AD_133','Business');
insert into Card values(111839,'WAGGONER FRANK',55049,'WAGGONER.FRANK@customer.org','2021-01-01','2021-01-01','2026-01-01',1,45000,'A','AD_134','Platinum');
insert into Card values(111840,'SHELLEY SCOTT',55050,'SHELLEY.SCOTT@customer.org','2021-01-01','2021-01-01','2026-01-01',1,120000,'A','AD_135','Visa');
insert into Card values(111841,'ROBERT ERIC',55051,'ROBERT.ERIC@customer.org','2021-01-01','2021-01-01','2026-01-01',1,90000,'A','AD_136','Gold');
insert into Card values(111842,'QUALLS STEPHEN',55052,'QUALLS.STEPHEN@customer.org','2021-01-01','2021-01-01','2026-01-01',1,25000,'A','AD_137','Classic');
insert into Card values(111843,'PURDY ANDREW',55053,'PURDY.ANDREW@customer.org','2021-01-01','2021-01-01','2026-01-01',1,100000,'A','AD_138','Titanium');
insert into Card values(111844,'MCWHORTER RAYMOND',55054,'MCWHORTER.RAYMOND@customer.org','2021-01-01','2021-01-01','2026-01-01',1,75000,'A','AD_139','Silver');
insert into Card values(111845,'MAULDIN GREGORY',55055,'MAULDIN.GREGORY@customer.org','2021-01-01','2021-01-01','2026-01-01',1,400000,'A','AD_140','Business');
insert into Card values(111846,'MARK JOSHUA',55056,'MARK.JOSHUA@customer.org','2021-01-01','2021-01-01','2026-01-01',1,45000,'A','AD_141','Platinum');
insert into Card values(111847,'JORDON JERRY',55057,'JORDON.JERRY@customer.org','2021-01-01','2021-01-01','2026-01-01',1,120000,'A','AD_142','Visa');
insert into Card values(111848,'GILMAN DENNIS',55058,'GILMAN.DENNIS@customer.org','2021-01-01','2021-01-01','2026-01-01',1,90000,'A','AD_143','Gold');
insert into Card values(111849,'PERRYMAN WALTER',55059,'PERRYMAN.WALTER@customer.org','2021-01-01','2021-01-01','2026-01-01',1,25000,'A','AD_144','Classic');
insert into Card values(111850,'NEWSOM PATRICK',55060,'NEWSOM.PATRICK@customer.org','2021-01-01','2021-01-01','2026-01-01',1,100000,'A','AD_145','Titanium');
insert into Card values(111851,'MENARD PETER',55061,'MENARD.PETER@customer.org','2021-01-01','2021-01-01','2026-01-01',1,75000,'A','AD_146','Silver');
insert into Card values(111852,'MARTINO HAROLD',55062,'MARTINO.HAROLD@customer.org','2021-01-01','2021-01-01','2026-01-01',1,400000,'A','AD_147','Business');
insert into Card values(111853,'GRAF DOUGLAS',55063,'GRAF.DOUGLAS@customer.org','2021-01-01','2021-01-01','2026-01-01',1,45000,'A','AD_148','Platinum');
insert into Card values(111854,'BILLINGSLEY HENRY',55064,'BILLINGSLEY.HENRY@customer.org','2021-01-01','2021-01-01','2026-01-01',1,120000,'A','AD_149','Visa');
insert into Card values(111855,'ARTIS CARL',55065,'ARTIS.CARL@customer.org','2021-01-01','2021-01-01','2026-01-01',1,90000,'A','AD_150','Gold');
insert into Card values(111856,'SIMPKINS ARTHUR',55066,'SIMPKINS.ARTHUR@customer.org','2021-01-01','2021-01-01','2026-01-01',1,25000,'A','AD_151','Classic');
insert into Card values(111857,'SALISBURY RYAN',55067,'SALISBURY.RYAN@customer.org','2021-01-01','2021-01-01','2026-01-01',1,100000,'A','AD_152','Titanium');
insert into Card values(111858,'QUINTANILLA ROGER',55068,'QUINTANILLA.ROGER@customer.org','2021-01-01','2021-01-01','2026-01-01',1,75000,'A','AD_153','Silver');
insert into Card values(111859,'GILLILAND JOE',55069,'GILLILAND.JOE@customer.org','2021-01-01','2021-01-01','2026-01-01',1,400000,'A','AD_154','Business');
insert into Card values(111860,'FRALEY JUAN',55070,'FRALEY.JUAN@customer.org','2021-01-01','2021-01-01','2026-01-01',1,45000,'A','AD_155','Platinum');
insert into Card values(111861,'FOUST JACK',55071,'FOUST.JACK@customer.org','2021-01-01','2021-01-01','2026-01-01',1,120000,'A','AD_156','Visa');
insert into Card values(111862,'CROUSE ALBERT',55072,'CROUSE.ALBERT@customer.org','2021-01-01','2021-01-01','2026-01-01',1,90000,'A','AD_157','Gold');
insert into Card values(111863,'SCARBOROUGH JONATHAN',55073,'SCARBOROUGH.JONATHAN@customer.org','2021-01-01','2021-01-01','2026-01-01',1,25000,'A','AD_158','Classic');
insert into Card values(111864,'NGO JUSTIN',55074,'NGO.JUSTIN@customer.org','2021-01-01','2021-01-01','2026-01-01',1,100000,'A','AD_159','Titanium');
insert into Card values(111865,'GRISSOM TERRY',55075,'GRISSOM.TERRY@customer.org','2021-01-01','2021-01-01','2026-01-01',1,75000,'A','AD_160','Silver');
insert into Card values(111866,'FULTZ GERALD',55076,'FULTZ.GERALD@customer.org','2021-01-01','2021-01-01','2026-01-01',1,400000,'A','AD_161','Business');
insert into Card values(111867,'RICO KEITH',55077,'RICO.KEITH@customer.org','2021-01-01','2021-01-01','2026-01-01',1,45000,'A','AD_162','Platinum');
insert into Card values(111868,'MARLOW SAMUEL',55078,'MARLOW.SAMUEL@customer.org','2021-01-01','2021-01-01','2026-01-01',1,120000,'A','AD_163','Visa');
insert into Card values(111869,'MARKHAM WILLIE',55079,'MARKHAM.WILLIE@customer.org','2021-01-01','2021-01-01','2026-01-01',1,90000,'A','AD_164','Gold');
insert into Card values(111870,'MADRIGAL RALPH',55080,'MADRIGAL.RALPH@customer.org','2021-01-01','2021-01-01','2026-01-01',1,25000,'A','AD_165','Classic');
insert into Card values(111871,'LAWTON LAWRENCE',55081,'LAWTON.LAWRENCE@customer.org','2021-01-01','2021-01-01','2026-01-01',1,100000,'A','AD_166','Titanium');
insert into Card values(111872,'BARFIELD NICHOLAS',55082,'BARFIELD.NICHOLAS@customer.org','2021-01-01','2021-01-01','2026-01-01',1,75000,'A','AD_167','Silver');
insert into Card values(111873,'WHITING ROY',55083,'WHITING.ROY@customer.org','2021-01-01','2021-01-01','2026-01-01',1,400000,'A','AD_168','Business');
insert into Card values(111874,'VARNEY BENJAMIN',55084,'VARNEY.BENJAMIN@customer.org','2021-01-01','2021-01-01','2026-01-01',17,45000,'A','AD_169','Platinum');
insert into Card values(111875,'SCHWARZ BRUCE',55085,'SCHWARZ.BRUCE@customer.org','2021-01-01','2021-01-01','2026-01-01',17,120000,'A','AD_170','Visa');
insert into Card values(111876,'HUEY BRANDON',55086,'HUEY.BRANDON@customer.org','2021-01-01','2021-01-01','2026-01-01',17,90000,'A','AD_171','Gold');
insert into Card values(111877,'GOOCH ADAM',55087,'GOOCH.ADAM@customer.org','2021-01-01','2021-01-01','2026-01-01',17,25000,'A','AD_172','Classic');
insert into Card values(111878,'ARCE HARRY',55088,'ARCE.HARRY@customer.org','2021-01-01','2021-01-01','2026-01-01',17,100000,'A','AD_173','Titanium');
insert into Card values(111879,'WHEAT FRED',55089,'WHEAT.FRED@customer.org','2021-01-01','2021-01-01','2026-01-01',17,75000,'A','AD_174','Silver');
insert into Card values(111880,'TRUONG WAYNE',55090,'TRUONG.WAYNE@customer.org','2021-01-01','2021-01-01','2026-01-01',17,400000,'A','AD_175','Business');
insert into Card values(111881,'POULIN BILLY',55091,'POULIN.BILLY@customer.org','2021-01-01','2021-01-01','2026-01-01',17,45000,'A','AD_176','Platinum');
insert into Card values(111882,'MACKENZIE STEVE',55092,'MACKENZIE.STEVE@customer.org','2021-01-01','2021-01-01','2026-01-01',17,120000,'A','AD_177','Visa');
insert into Card values(111883,'LEONE LOUIS',55093,'LEONE.LOUIS@customer.org','2021-01-01','2021-01-01','2026-01-01',17,90000,'A','AD_178','Gold');
insert into Card values(111884,'HURTADO JEREMY',55094,'HURTADO.JEREMY@customer.org','2021-01-01','2021-01-01','2026-01-01',17,25000,'A','AD_179','Classic');
insert into Card values(111885,'SELBY AARON',55095,'SELBY.AARON@customer.org','2021-01-01','2021-01-01','2026-01-01',17,100000,'A','AD_180','Titanium');
insert into Card values(111886,'GAITHER RANDY',55096,'GAITHER.RANDY@customer.org','2021-01-01','2021-01-01','2026-01-01',17,75000,'A','AD_181','Silver');
insert into Card values(111887,'FORTNER HOWARD',55097,'FORTNER.HOWARD@customer.org','2021-01-01','2021-01-01','2026-01-01',17,400000,'A','AD_182','Business');
insert into Card values(111888,'CULPEPPER EUGENE',55098,'CULPEPPER.EUGENE@customer.org','2021-01-01','2021-01-01','2026-01-01',17,45000,'A','AD_183','Platinum');
insert into Card values(111889,'COUGHLIN CARLOS',55099,'COUGHLIN.CARLOS@customer.org','2021-01-01','2021-01-01','2026-01-01',17,120000,'A','AD_184','Visa');
insert into Card values(111890,'BRINSON RUSSELL',55100,'BRINSON.RUSSELL@customer.org','2021-01-01','2021-01-01','2026-01-01',17,90000,'A','AD_185','Gold');
insert into Card values(111891,'BOUDREAU BOBBY',55101,'BOUDREAU.BOBBY@customer.org','2021-01-01','2021-01-01','2026-01-01',17,25000,'A','AD_186','Classic');
insert into Card values(111892,'BARKLEY VICTOR',55102,'BARKLEY.VICTOR@customer.org','2021-01-01','2021-01-01','2026-01-01',17,100000,'A','AD_187','Titanium');
insert into Card values(111893,'BALES MARTIN',55103,'BALES.MARTIN@customer.org','2021-01-01','2021-01-01','2026-01-01',17,75000,'A','AD_188','Silver');
insert into Card values(111894,'STEPP ERNEST',55104,'STEPP.ERNEST@customer.org','2021-01-01','2021-01-01','2026-01-01',17,400000,'A','AD_189','Business');
insert into Card values(111895,'HOLM PHILLIP',55105,'HOLM.PHILLIP@customer.org','2021-01-01','2021-01-01','2026-01-01',17,45000,'A','AD_190','Platinum');
insert into Card values(111896,'TAN TODD',55106,'TAN.TODD@customer.org','2021-01-01','2021-01-01','2026-01-01',17,120000,'A','AD_191','Visa');
insert into Card values(111897,'SCHILLING JESSE',55107,'SCHILLING.JESSE@customer.org','2021-01-01','2021-01-01','2026-01-01',17,90000,'A','AD_192','Gold');
insert into Card values(111898,'MORRELL CRAIG',55108,'MORRELL.CRAIG@customer.org','2021-01-01','2021-01-01','2026-01-01',17,25000,'A','AD_193','Classic');
insert into Card values(111899,'KAHN ALAN',55109,'KAHN.ALAN@customer.org','2021-01-01','2021-01-01','2026-01-01',17,100000,'A','AD_194','Titanium');
insert into Card values(111900,'HEATON SHAWN',55110,'HEATON.SHAWN@customer.org','2021-01-01','2021-01-01','2026-01-01',17,75000,'A','AD_195','Silver');
insert into Card values(111901,'GAMEZ CLARENCE',55111,'GAMEZ.CLARENCE@customer.org','2021-01-01','2021-01-01','2026-01-01',17,400000,'A','AD_196','Business');
insert into Card values(111902,'DOUGLASS SEAN',55112,'DOUGLASS.SEAN@customer.org','2021-01-01','2021-01-01','2026-01-01',17,45000,'A','AD_197','Platinum');
insert into Card values(111903,'CAUSEY PHILIP',55113,'CAUSEY.PHILIP@customer.org','2021-01-01','2021-01-01','2026-01-01',17,120000,'A','AD_198','Visa');
insert into Card values(111904,'BROTHERS CHRIS',55114,'BROTHERS.CHRIS@customer.org','2021-01-01','2021-01-01','2026-01-01',17,90000,'A','AD_199','Gold');
insert into Card values(111905,'TURPIN JOHNNY',55115,'TURPIN.JOHNNY@customer.org','2021-01-01','2021-01-01','2026-01-01',17,25000,'A','AD_200','Classic');
insert into Card values(111906,'SHANKS EARL',55116,'SHANKS.EARL@customer.org','2021-01-01','2021-01-01','2026-01-01',17,100000,'A','AD_201','Titanium');
insert into Card values(111907,'SCHRADER JIMMY',55117,'SCHRADER.JIMMY@customer.org','2021-01-01','2021-01-01','2026-01-01',17,75000,'A','AD_202','Silver');
insert into Card values(111908,'MEEK ANTONIO',55118,'MEEK.ANTONIO@customer.org','2021-01-01','2021-01-01','2026-01-01',17,400000,'A','AD_203','Business');
insert into Card values(111909,'ISOM DANNY',55119,'ISOM.DANNY@customer.org','2021-01-01','2021-01-01','2026-01-01',17,45000,'A','AD_204','Platinum');
insert into Card values(111910,'HARDISON BRYAN',55120,'HARDISON.BRYAN@customer.org','2021-01-01','2021-01-01','2026-01-01',17,120000,'A','AD_205','Visa');
insert into Card values(111911,'CARRANZA TONY',55121,'CARRANZA.TONY@customer.org','2021-01-01','2021-01-01','2026-01-01',17,90000,'A','AD_206','Gold');
insert into Card values(111912,'YANEZ LUIS',55122,'YANEZ.LUIS@customer.org','2021-01-01','2021-01-01','2026-01-01',17,25000,'A','AD_207','Classic');
insert into Card values(111913,'WAY MIKE',55123,'WAY.MIKE@customer.org','2021-01-01','2021-01-01','2026-01-01',17,100000,'A','AD_208','Titanium');
insert into Card values(111914,'SCROGGINS STANLEY',55124,'SCROGGINS.STANLEY@customer.org','2021-01-01','2021-01-01','2026-01-01',17,75000,'A','AD_209','Silver');
insert into Card values(111915,'SCHOFIELD LEONARD',55125,'SCHOFIELD.LEONARD@customer.org','2021-01-01','2021-01-01','2026-01-01',17,400000,'A','AD_210','Business');
insert into Card values(111916,'RUNYON NATHAN',55126,'RUNYON.NATHAN@customer.org','2021-01-01','2021-01-01','2026-01-01',17,45000,'A','AD_211','Platinum');
insert into Card values(111917,'RATCLIFF DALE',55127,'RATCLIFF.DALE@customer.org','2021-01-01','2021-01-01','2026-01-01',17,120000,'A','AD_212','Visa');
insert into Card values(111918,'MURRELL MANUEL',55128,'MURRELL.MANUEL@customer.org','2021-01-01','2021-01-01','2026-01-01',17,90000,'A','AD_213','Gold');
insert into Card values(111919,'MOELLER RODNEY',55129,'MOELLER.RODNEY@customer.org','2021-01-01','2021-01-01','2026-01-01',17,25000,'A','AD_214','Classic');
insert into Card values(111920,'IRBY CURTIS',55130,'IRBY.CURTIS@customer.org','2021-01-01','2021-01-01','2026-01-01',17,100000,'A','AD_215','Titanium');
insert into Card values(111921,'CURRIER NORMAN',55131,'CURRIER.NORMAN@customer.org','2021-01-01','2021-01-01','2026-01-01',17,75000,'A','AD_216','Silver');
insert into Card values(111922,'BUTTERFIELD ALLEN',55132,'BUTTERFIELD.ALLEN@customer.org','2021-01-01','2021-01-01','2026-01-01',17,400000,'A','AD_217','Business');
insert into Card values(111923,'YEE MARVIN',55133,'YEE.MARVIN@customer.org','2021-01-01','2021-01-01','2026-01-01',17,45000,'A','AD_218','Platinum');
insert into Card values(111924,'RALSTON VINCENT',55134,'RALSTON.VINCENT@customer.org','2021-01-01','2021-01-01','2026-01-01',17,120000,'A','AD_219','Visa');
insert into Card values(111925,'PULLEN GLENN',55135,'PULLEN.GLENN@customer.org','2021-01-01','2021-01-01','2026-01-01',17,90000,'A','AD_220','Gold');
insert into Card values(111926,'PINSON JEFFERY',55136,'PINSON.JEFFERY@customer.org','2021-01-01','2021-01-01','2026-01-01',17,25000,'A','AD_221','Classic');
insert into Card values(111927,'ESTEP TRAVIS',55137,'ESTEP.TRAVIS@customer.org','2021-01-01','2021-01-01','2026-01-01',17,100000,'A','AD_222','Titanium');
insert into Card values(111928,'EAST JEFF',55138,'EAST.JEFF@customer.org','2021-01-01','2021-01-01','2026-01-01',17,75000,'A','AD_223','Silver');
insert into Card values(111929,'CARBONE CHAD',55139,'CARBONE.CHAD@customer.org','2021-01-01','2021-01-01','2026-01-01',17,400000,'A','AD_224','Business');
insert into Card values(111930,'LANCE JACOB',55140,'LANCE.JACOB@customer.org','2021-01-01','2021-01-01','2026-01-01',17,45000,'A','AD_225','Platinum');
insert into Card values(111931,'HAWKS LEE',55141,'HAWKS.LEE@customer.org','2021-01-01','2021-01-01','2026-01-01',17,120000,'A','AD_226','Visa');
insert into Card values(111932,'ELLINGTON MELVIN',55142,'ELLINGTON.MELVIN@customer.org','2021-01-01','2021-01-01','2026-01-01',17,90000,'A','AD_227','Gold');
insert into Card values(111933,'CASILLAS ALFRED',55143,'CASILLAS.ALFRED@customer.org','2021-01-01','2021-01-01','2026-01-01',17,25000,'A','AD_228','Classic');
insert into Card values(111934,'SPURLOCK KYLE',55144,'SPURLOCK.KYLE@customer.org','2021-01-01','2021-01-01','2026-01-01',17,100000,'A','AD_229','Titanium');
insert into Card values(111935,'SIKES FRANCIS',55145,'SIKES.FRANCIS@customer.org','2021-01-01','2021-01-01','2026-01-01',17,75000,'A','AD_230','Silver');
insert into Card values(111936,'MOTLEY BRADLEY',55146,'MOTLEY.BRADLEY@customer.org','2021-01-01','2021-01-01','2026-01-01',17,400000,'A','AD_231','Business');
insert into Card values(111937,'MCCARTNEY JESUS',55147,'MCCARTNEY.JESUS@customer.org','2021-01-01','2021-01-01','2026-01-01',17,45000,'A','AD_232','Platinum');
insert into Card values(111938,'KRUGER HERBERT',55148,'KRUGER.HERBERT@customer.org','2021-01-01','2021-01-01','2026-01-01',17,120000,'A','AD_233','Visa');
insert into Card values(111939,'ISBELL FREDERICK',55149,'ISBELL.FREDERICK@customer.org','2021-01-01','2021-01-01','2026-01-01',17,90000,'A','AD_234','Gold');
insert into Card values(111940,'HOULE RAY',55150,'HOULE.RAY@customer.org','2021-01-01','2021-01-01','2026-01-01',17,25000,'A','AD_235','Classic');
insert into Card values(111941,'FRANCISCO JOEL',55151,'FRANCISCO.JOEL@customer.org','2021-01-01','2021-01-01','2026-01-01',17,100000,'A','AD_236','Titanium');
insert into Card values(111942,'BURK EDWIN',55152,'BURK.EDWIN@customer.org','2021-01-01','2021-01-01','2026-01-01',17,75000,'A','AD_237','Silver');
insert into Card values(111943,'BONE DON',55153,'BONE.DON@customer.org','2021-01-01','2021-01-01','2026-01-01',17,400000,'A','AD_238','Business');
insert into Card values(111944,'TOMLIN EDDIE',55154,'TOMLIN.EDDIE@customer.org','2021-01-01','2021-01-01','2026-01-01',1,45000,'A','AD_239','Platinum');
insert into Card values(111945,'SHELBY RICKY',55155,'SHELBY.RICKY@customer.org','2021-01-01','2021-01-01','2026-01-01',1,120000,'A','AD_240','Visa');
insert into Card values(111946,'QUIGLEY TROY',55156,'QUIGLEY.TROY@customer.org','2021-01-01','2021-01-01','2026-01-01',1,90000,'A','AD_241','Gold');
insert into Card values(111947,'NEUMANN RANDALL',55157,'NEUMANN.RANDALL@customer.org','2021-01-01','2021-01-01','2026-01-01',1,25000,'A','AD_242','Classic');
insert into Card values(111948,'LOVELACE BARRY',55158,'LOVELACE.BARRY@customer.org','2021-01-01','2021-01-01','2026-01-01',1,100000,'A','AD_243','Titanium');
insert into Card values(111949,'FENNELL ALEXANDER',55159,'FENNELL.ALEXANDER@customer.org','2021-01-01','2021-01-01','2026-01-01',1,75000,'A','AD_244','Silver');
insert into Card values(111950,'COLBY BERNARD',55160,'COLBY.BERNARD@customer.org','2021-01-01','2021-01-01','2026-01-01',1,400000,'A','AD_245','Business');
insert into Card values(111951,'CHEATHAM MARIO',55161,'CHEATHAM.MARIO@customer.org','2021-01-01','2021-01-01','2026-01-01',1,45000,'A','AD_246','Platinum');
insert into Card values(111952,'BUSTAMANTE LEROY',55162,'BUSTAMANTE.LEROY@customer.org','2021-01-01','2021-01-01','2026-01-01',1,120000,'A','AD_247','Visa');
insert into Card values(111953,'SKIDMORE FRANCISCO',55163,'SKIDMORE.FRANCISCO@customer.org','2021-01-01','2021-01-01','2026-01-01',1,90000,'A','AD_248','Gold');
insert into Card values(111954,'HIDALGO MARCUS',55164,'HIDALGO.MARCUS@customer.org','2021-01-01','2021-01-01','2026-01-01',1,25000,'A','AD_249','Classic');
insert into Card values(111955,'FORMAN MICHEAL',55165,'FORMAN.MICHEAL@customer.org','2021-01-01','2021-01-01','2026-01-01',1,100000,'A','AD_250','Titanium');
insert into Card values(111956,'CULP THEODORE',55166,'CULP.THEODORE@customer.org','2021-01-01','2021-01-01','2026-01-01',1,75000,'A','AD_251','Silver');
insert into Card values(111957,'BOWENS CLIFFORD',55167,'BOWENS.CLIFFORD@customer.org','2021-01-01','2021-01-01','2026-01-01',1,400000,'A','AD_252','Business');
insert into Card values(111958,'BETANCOURT MIGUEL',55168,'BETANCOURT.MIGUEL@customer.org','2021-01-01','2021-01-01','2026-01-01',1,45000,'A','AD_253','Platinum');
insert into Card values(111959,'AQUINO OSCAR',55169,'AQUINO.OSCAR@customer.org','2021-01-01','2021-01-01','2026-01-01',1,120000,'A','AD_254','Visa');
insert into Card values(111960,'ROBB JAY',55170,'ROBB.JAY@customer.org','2021-01-01','2021-01-01','2026-01-01',1,90000,'A','AD_255','Gold');
insert into Card values(111961,'REA JIM',55171,'REA.JIM@customer.org','2021-01-01','2021-01-01','2026-01-01',1,25000,'A','AD_256','Classic');
insert into Card values(111962,'MILNER TOM',55172,'MILNER.TOM@customer.org','2021-01-01','2021-01-01','2026-01-01',1,100000,'A','AD_258','Titanium');
insert into Card values(111963,'MARTEL CALVIN',55173,'MARTEL.CALVIN@customer.org','2021-01-01','2021-01-01','2026-01-01',1,75000,'A','AD_259','Silver');
insert into Card values(111964,'GRESHAM ALEX',55174,'GRESHAM.ALEX@customer.org','2021-01-01','2021-01-01','2026-01-01',1,400000,'A','AD_260','Business');
insert into Card values(111965,'WILES JON',55175,'WILES.JON@customer.org','2021-01-01','2021-01-01','2026-01-01',1,45000,'A','AD_261','Platinum');
insert into Card values(111966,'RICKETTS RONNIE',55176,'RICKETTS.RONNIE@customer.org','2021-01-01','2021-01-01','2026-01-01',1,120000,'A','AD_262','Visa');
insert into Card values(111967,'GAVIN BILL',55177,'GAVIN.BILL@customer.org','2021-01-01','2021-01-01','2026-01-01',1,90000,'A','AD_263','Gold');
insert into Card values(111968,'DOWD LLOYD',55178,'DOWD.LLOYD@customer.org','2021-01-01','2021-01-01','2026-01-01',1,25000,'A','AD_264','Classic');
insert into Card values(111969,'COLLAZO TOMMY',55179,'COLLAZO.TOMMY@customer.org','2021-01-01','2021-01-01','2026-01-01',1,100000,'A','AD_265','Titanium');
insert into Card values(111970,'BOSTIC LEON',55180,'BOSTIC.LEON@customer.org','2021-01-01','2021-01-01','2026-01-01',1,75000,'A','AD_266','Silver');
insert into Card values(111971,'BLAKELY DEREK',55181,'BLAKELY.DEREK@customer.org','2021-01-01','2021-01-01','2026-01-01',1,400000,'A','AD_267','Business');
insert into Card values(111972,'SHERROD WARREN',55182,'SHERROD.WARREN@customer.org','2021-01-01','2021-01-01','2026-01-01',1,45000,'A','AD_268','Platinum');
insert into Card values(111973,'POWER DARRELL',55183,'POWER.DARRELL@customer.org','2021-01-01','2021-01-01','2026-01-01',1,120000,'A','AD_269','Visa');
insert into Card values(111974,'KENYON JEROME',55184,'KENYON.JEROME@customer.org','2021-01-01','2021-01-01','2026-01-01',1,90000,'A','AD_270','Gold');
insert into Card values(111975,'GANDY FLOYD',55185,'GANDY.FLOYD@customer.org','2021-01-01','2021-01-01','2026-01-01',1,25000,'A','AD_271','Classic');
insert into Card values(111976,'EBERT LEO',55186,'EBERT.LEO@customer.org','2021-01-01','2021-01-01','2026-01-01',1,100000,'A','AD_272','Titanium');
insert into Card values(111977,'DELOACH ALVIN',55187,'DELOACH.ALVIN@customer.org','2021-01-01','2021-01-01','2026-01-01',1,75000,'A','AD_273','Silver');
insert into Card values(111978,'CARY TIM',55188,'CARY.TIM@customer.org','2021-01-01','2021-01-01','2026-01-01',1,400000,'A','AD_274','Business');
insert into Card values(111979,'BULL WESLEY',55189,'BULL.WESLEY@customer.org','2021-01-01','2021-01-01','2026-01-01',1,45000,'A','AD_275','Platinum');
insert into Card values(111980,'ALLARD GORDON',55190,'ALLARD.GORDON@customer.org','2021-01-01','2021-01-01','2026-01-01',1,120000,'A','AD_276','Visa');
insert into Card values(111981,'SAUER DEAN',55191,'SAUER.DEAN@customer.org','2021-01-01','2021-01-01','2026-01-01',1,90000,'A','AD_277','Gold');
insert into Card values(111982,'ROBINS GREG',55192,'ROBINS.GREG@customer.org','2021-01-01','2021-01-01','2026-01-01',1,25000,'A','AD_278','Classic');
insert into Card values(111983,'OLIVARES JORGE',55193,'OLIVARES.JORGE@customer.org','2021-01-01','2021-01-01','2026-01-01',1,100000,'A','AD_279','Titanium');
insert into Card values(111984,'GILLETTE DUSTIN',55194,'GILLETTE.DUSTIN@customer.org','2021-01-01','2021-01-01','2026-01-01',1,75000,'A','AD_280','Silver');
insert into Card values(111985,'CHESTNUT PEDRO',55195,'CHESTNUT.PEDRO@customer.org','2021-01-01','2021-01-01','2026-01-01',1,400000,'A','AD_281','Business');
insert into Card values(111986,'BOURQUE DERRICK',55196,'BOURQUE.DERRICK@customer.org','2021-01-01','2021-01-01','2026-01-01',1,45000,'A','AD_282','Platinum');
insert into Card values(111987,'PAINE DAN',55197,'PAINE.DAN@customer.org','2021-01-01','2021-01-01','2026-01-01',1,120000,'A','AD_283','Visa');
insert into Card values(111988,'LYMAN LEWIS',55198,'LYMAN.LEWIS@customer.org','2021-01-01','2021-01-01','2026-01-01',1,90000,'A','AD_284','Gold');
insert into Card values(111989,'HITE ZACHARY',55199,'HITE.ZACHARY@customer.org','2021-01-01','2021-01-01','2026-01-01',1,25000,'A','AD_285','Classic');
insert into Card values(111990,'HAUSER COREY',55200,'HAUSER.COREY@customer.org','2021-01-01','2021-01-01','2026-01-01',1,100000,'A','AD_286','Titanium');
insert into Card values(111991,'DEVORE HERMAN',55201,'DEVORE.HERMAN@customer.org','2021-01-01','2021-01-01','2026-01-01',1,75000,'A','AD_287','Silver');
insert into Card values(111992,'CRAWLEY MAURICE',55202,'CRAWLEY.MAURICE@customer.org','2021-01-01','2021-01-01','2026-01-01',1,400000,'A','AD_288','Business');
insert into Card values(111993,'CHAPA VERNON',55203,'CHAPA.VERNON@customer.org','2021-01-01','2021-01-01','2026-01-01',17,45000,'A','AD_289','Platinum');
insert into Card values(111994,'VU ROBERTO',55204,'VU.ROBERTO@customer.org','2021-01-01','2021-01-01','2026-01-01',17,120000,'A','AD_290','Visa');
insert into Card values(111995,'TOBIAS CLYDE',55205,'TOBIAS.CLYDE@customer.org','2021-01-01','2021-01-01','2026-01-01',17,90000,'A','AD_291','Gold');
insert into Card values(111996,'TALBERT GLEN',55206,'TALBERT.GLEN@customer.org','2021-01-01','2021-01-01','2026-01-01',17,25000,'A','AD_292','Classic');
insert into Card values(111997,'POINDEXTER HECTOR',55207,'POINDEXTER.HECTOR@customer.org','2021-01-01','2021-01-01','2026-01-01',17,100000,'A','AD_293','Titanium');
insert into Card values(111998,'MILLARD SHANE',55208,'MILLARD.SHANE@customer.org','2021-01-01','2021-01-01','2026-01-01',17,75000,'A','AD_294','Silver');
insert into Card values(111999,'MEADOR RICARDO',55209,'MEADOR.RICARDO@customer.org','2021-01-01','2021-01-01','2026-01-01',17,400000,'A','AD_295','Business');
insert into Card values(112000,'MCDUFFIE SAM',55210,'MCDUFFIE.SAM@customer.org','2021-01-01','2021-01-01','2026-01-01',17,45000,'A','AD_296','Platinum');
insert into Card values(112001,'MATTOX RICK',55211,'MATTOX.RICK@customer.org','2021-01-01','2021-01-01','2026-01-01',17,120000,'A','AD_297','Visa');
insert into Card values(112002,'KRAUS LESTER',55212,'KRAUS.LESTER@customer.org','2021-01-01','2021-01-01','2026-01-01',17,90000,'A','AD_298','Gold');
insert into Card values(112003,'HARKINS BRENT',55213,'HARKINS.BRENT@customer.org','2021-01-01','2021-01-01','2026-01-01',17,25000,'A','AD_299','Classic');
insert into Card values(112004,'CHOATE RAMON',55214,'CHOATE.RAMON@customer.org','2021-01-01','2021-01-01','2026-01-01',17,100000,'A','AD_300','Titanium');
insert into Card values(112005,'BESS CHARLIE',55215,'BESS.CHARLIE@customer.org','2021-01-01','2021-01-01','2026-01-01',17,75000,'A','AD_301','Silver');
insert into Card values(112006,'WREN TYLER',55216,'WREN.TYLER@customer.org','2021-01-01','2021-01-01','2026-01-01',17,400000,'A','AD_302','Business');
insert into Card values(112007,'SLEDGE GILBERT',55217,'SLEDGE.GILBERT@customer.org','2021-01-01','2021-01-01','2026-01-01',17,45000,'A','AD_303','Platinum');
insert into Card values(112008,'SANBORN GENE',55218,'SANBORN.GENE@customer.org','2021-01-01','2021-01-01','2026-01-01',17,120000,'A','AD_304','Visa');
insert into Card values(112009,'OUTLAW MARC',55219,'OUTLAW.MARC@customer.org','2021-01-01','2021-01-01','2026-01-01',17,90000,'A','AD_305','Gold');
insert into Card values(112010,'KINDER REGINALD',55220,'KINDER.REGINALD@customer.org','2021-01-01','2021-01-01','2026-01-01',17,25000,'A','AD_306','Classic');
insert into Card values(112011,'GEARY RUBEN',55221,'GEARY.RUBEN@customer.org','2021-01-01','2021-01-01','2026-01-01',17,100000,'A','AD_307','Titanium');
insert into Card values(112012,'CORNWELL BRETT',55222,'CORNWELL.BRETT@customer.org','2021-01-01','2021-01-01','2026-01-01',17,75000,'A','AD_308','Silver');
insert into Card values(112013,'BARCLAY ANGEL',55223,'BARCLAY.ANGEL@customer.org','2021-01-01','2021-01-01','2026-01-01',17,400000,'A','AD_309','Business');
insert into Card values(112014,'ADAM NATHANIEL',55224,'ADAM.NATHANIEL@customer.org','2021-01-01','2021-01-01','2026-01-01',17,45000,'A','AD_310','Platinum');
insert into Card values(112015,'ABNEY RAFAEL',55225,'ABNEY.RAFAEL@customer.org','2021-01-01','2021-01-01','2026-01-01',17,120000,'A','AD_311','Visa');
insert into Card values(112016,'SEWARD LESLIE',55226,'SEWARD.LESLIE@customer.org','2021-01-01','2021-01-01','2026-01-01',17,90000,'A','AD_312','Gold');
insert into Card values(112017,'RHOADS EDGAR',55227,'RHOADS.EDGAR@customer.org','2021-01-01','2021-01-01','2026-01-01',17,25000,'A','AD_313','Classic');
insert into Card values(112018,'HOWLAND MILTON',55228,'HOWLAND.MILTON@customer.org','2021-01-01','2021-01-01','2026-01-01',17,100000,'A','AD_314','Titanium');
insert into Card values(112019,'FORTIER RAUL',55229,'FORTIER.RAUL@customer.org','2021-01-01','2021-01-01','2026-01-01',17,75000,'A','AD_315','Silver');
insert into Card values(112020,'EASTER BEN',55230,'EASTER.BEN@customer.org','2021-01-01','2021-01-01','2026-01-01',17,400000,'A','AD_316','Business');
insert into Card values(112021,'BENNER CHESTER',55231,'BENNER.CHESTER@customer.org','2021-01-01','2021-01-01','2026-01-01',17,45000,'A','AD_317','Platinum');
insert into Card values(112022,'VINES CECIL',55232,'VINES.CECIL@customer.org','2021-01-01','2021-01-01','2026-01-01',17,120000,'A','AD_318','Visa');
insert into Card values(112023,'TUBBS DUANE',55233,'TUBBS.DUANE@customer.org','2021-01-01','2021-01-01','2026-01-01',17,90000,'A','AD_319','Gold');
insert into Card values(112024,'TROUTMAN FRANKLIN',55234,'TROUTMAN.FRANKLIN@customer.org','2021-01-01','2021-01-01','2026-01-01',17,25000,'A','AD_320','Classic');
insert into Card values(112025,'RAPP ANDRE',55235,'RAPP.ANDRE@customer.org','2021-01-01','2021-01-01','2026-01-01',17,100000,'A','AD_321','Titanium');
insert into Card values(112026,'NOE ELMER',55236,'NOE.ELMER@customer.org','2021-01-01','2021-01-01','2026-01-01',17,75000,'A','AD_322','Silver');
insert into Card values(112027,'MCCURDY BRAD',55237,'MCCURDY.BRAD@customer.org','2021-01-01','2021-01-01','2026-01-01',17,400000,'A','AD_323','Business');
insert into Card values(112028,'HARDER GABRIEL',55238,'HARDER.GABRIEL@customer.org','2021-01-01','2021-01-01','2026-01-01',17,45000,'A','AD_324','Platinum');
insert into Card values(112029,'DELUCA RON',55239,'DELUCA.RON@customer.org','2021-01-01','2021-01-01','2026-01-01',17,120000,'A','AD_325','Visa');
insert into Card values(112030,'WESTMORELAND MITCHELL',55240,'WESTMORELAND.MITCHELL@customer.org','2021-01-01','2021-01-01','2026-01-01',17,90000,'A','AD_326','Gold');
insert into Card values(112031,'SOUTH ROLAND',55241,'SOUTH.ROLAND@customer.org','2021-01-01','2021-01-01','2026-01-01',17,25000,'A','AD_327','Classic');
insert into Card values(112032,'HAVENS ARNOLD',55242,'HAVENS.ARNOLD@customer.org','2021-01-01','2021-01-01','2026-01-01',17,100000,'A','AD_328','Titanium');
insert into Card values(112033,'GUAJARDO HARVEY',55243,'GUAJARDO.HARVEY@customer.org','2021-01-01','2021-01-01','2026-01-01',17,75000,'A','AD_329','Silver');
insert into Card values(112034,'ELY JARED',55244,'ELY.JARED@customer.org','2021-01-01','2021-01-01','2026-01-01',17,400000,'A','AD_330','Business');
insert into Card values(112035,'CLARY ADRIAN',55245,'CLARY.ADRIAN@customer.org','2021-01-01','2021-01-01','2026-01-01',17,45000,'A','AD_331','Platinum');
insert into Card values(112036,'SEAL KARL',55246,'SEAL.KARL@customer.org','2021-01-01','2021-01-01','2026-01-01',17,120000,'A','AD_332','Visa');
insert into Card values(112037,'MEEHAN CORY',55247,'MEEHAN.CORY@customer.org','2021-01-01','2021-01-01','2026-01-01',17,90000,'A','AD_333','Gold');
insert into Card values(112038,'HERZOG CLAUDE',55248,'HERZOG.CLAUDE@customer.org','2021-01-01','2021-01-01','2026-01-01',17,25000,'A','AD_334','Classic');
insert into Card values(112039,'GUILLEN ERIK',55249,'GUILLEN.ERIK@customer.org','2021-01-01','2021-01-01','2026-01-01',17,100000,'A','AD_335','Titanium');
insert into Card values(112040,'ASHCRAFT DARRYL',55250,'ASHCRAFT.DARRYL@customer.org','2021-01-01','2021-01-01','2026-01-01',17,75000,'A','AD_336','Silver');
insert into Card values(112041,'WAUGH JAMIE',55251,'WAUGH.JAMIE@customer.org','2021-01-01','2021-01-01','2026-01-01',17,400000,'A','AD_337','Business');
insert into Card values(112042,'RENNER NEIL',55252,'RENNER.NEIL@customer.org','2021-01-01','2021-01-01','2026-01-01',17,45000,'A','AD_338','Platinum');
insert into Card values(112043,'MILAM JESSIE',55253,'MILAM.JESSIE@customer.org','2021-01-01','2021-01-01','2026-01-01',17,120000,'A','AD_339','Visa');
insert into Card values(112044,'JUNG CHRISTIAN',55254,'JUNG.CHRISTIAN@customer.org','2021-01-01','2021-01-01','2026-01-01',17,90000,'A','AD_340','Gold');
insert into Card values(112045,'ELROD JAVIER',55255,'ELROD.JAVIER@customer.org','2021-01-01','2021-01-01','2026-01-01',17,25000,'A','AD_341','Classic');
insert into Card values(112046,'CHURCHILL FERNANDO',55256,'CHURCHILL.FERNANDO@customer.org','2021-01-01','2021-01-01','2026-01-01',17,100000,'A','AD_342','Titanium');
insert into Card values(112047,'BUFORD CLINTON',55257,'BUFORD.CLINTON@customer.org','2021-01-01','2021-01-01','2026-01-01',17,75000,'A','AD_343','Silver');
insert into Card values(112048,'BREAUX TED',55258,'BREAUX.TED@customer.org','2021-01-01','2021-01-01','2026-01-01',17,400000,'A','AD_344','Business');
insert into Card values(112049,'BOLIN MATHEW',55259,'BOLIN.MATHEW@customer.org','2021-01-01','2021-01-01','2026-01-01',17,45000,'A','AD_345','Platinum');
insert into Card values(112050,'ASHER TYRONE',55260,'ASHER.TYRONE@customer.org','2021-01-01','2021-01-01','2026-01-01',17,120000,'A','AD_346','Visa');
insert into Card values(112051,'WINDHAM DARREN',55261,'WINDHAM.DARREN@customer.org','2021-01-01','2021-01-01','2026-01-01',17,90000,'A','AD_347','Gold');
insert into Card values(112052,'TIRADO LONNIE',55262,'TIRADO.LONNIE@customer.org','2021-01-01','2021-01-01','2026-01-01',17,25000,'A','AD_348','Classic');
insert into Card values(112053,'PEMBERTON LANCE',55263,'PEMBERTON.LANCE@customer.org','2021-01-01','2021-01-01','2026-01-01',17,100000,'A','AD_349','Titanium');
insert into Card values(112054,'NOLEN CODY',55264,'NOLEN.CODY@customer.org','2021-01-01','2021-01-01','2026-01-01',17,75000,'A','AD_350','Silver');
insert into Card values(112055,'NOLAND JULIO',55265,'NOLAND.JULIO@customer.org','2021-01-01','2021-01-01','2026-01-01',17,400000,'A','AD_351','Business');
insert into Card values(112056,'KNOTT KELLY',55266,'KNOTT.KELLY@customer.org','2021-01-01','2021-01-01','2026-01-01',17,45000,'A','AD_352','Platinum');
insert into Card values(112057,'EMMONS KURT',55267,'EMMONS.KURT@customer.org','2021-01-01','2021-01-01','2026-01-01',17,120000,'A','AD_353','Visa');
insert into Card values(112058,'CORNISH ALLAN',55268,'CORNISH.ALLAN@customer.org','2021-01-01','2021-01-01','2026-01-01',17,90000,'A','AD_354','Gold');
insert into Card values(112059,'CHRISTENSON NELSON',55269,'CHRISTENSON.NELSON@customer.org','2021-01-01','2021-01-01','2026-01-01',17,25000,'A','AD_355','Classic');
insert into Card values(112060,'BROWNLEE GUY',55270,'BROWNLEE.GUY@customer.org','2021-01-01','2021-01-01','2026-01-01',17,100000,'A','AD_356','Titanium');
insert into Card values(112061,'BARBEE CLAYTON',55271,'BARBEE.CLAYTON@customer.org','2021-01-01','2021-01-01','2026-01-01',17,75000,'A','AD_357','Silver');
insert into Card values(112062,'WALDROP HUGH',55272,'WALDROP.HUGH@customer.org','2021-01-01','2021-01-01','2026-01-01',17,400000,'A','AD_358','Business');
insert into Card values(112063,'PITT MAX',55273,'PITT.MAX@customer.org','2021-01-01','2021-01-01','2026-01-01',1,45000,'A','AD_359','Platinum');
insert into Card values(112064,'OLVERA DWAYNE',55274,'OLVERA.DWAYNE@customer.org','2021-01-01','2021-01-01','2026-01-01',1,120000,'A','AD_360','Visa');
insert into Card values(112065,'LOMBARDI DWIGHT',55275,'LOMBARDI.DWIGHT@customer.org','2021-01-01','2021-01-01','2026-01-01',1,90000,'A','AD_361','Gold');
insert into Card values(112066,'GRUBER ARMANDO',55276,'GRUBER.ARMANDO@customer.org','2021-01-01','2021-01-01','2026-01-01',1,25000,'A','AD_362','Classic');
insert into Card values(112067,'GAFFNEY FELIX',55277,'GAFFNEY.FELIX@customer.org','2021-01-01','2021-01-01','2026-01-01',1,100000,'A','AD_363','Titanium');
insert into Card values(112068,'EGGLESTON JIMMIE',55278,'EGGLESTON.JIMMIE@customer.org','2021-01-01','2021-01-01','2026-01-01',1,75000,'A','AD_364','Silver');
insert into Card values(112069,'BANDA EVERETT',55279,'BANDA.EVERETT@customer.org','2021-01-01','2021-01-01','2026-01-01',1,400000,'A','AD_365','Business');
insert into Card values(112070,'ARCHULETA JORDAN',55280,'ARCHULETA.JORDAN@customer.org','2021-01-01','2021-01-01','2026-01-01',1,45000,'A','AD_366','Platinum');
insert into Card values(112071,'STILL IAN',55281,'STILL.IAN@customer.org','2021-01-01','2021-01-01','2026-01-01',1,120000,'A','AD_367','Visa');
insert into Card values(112072,'SLONE WALLACE',55282,'SLONE.WALLACE@customer.org','2021-01-01','2021-01-01','2026-01-01',1,90000,'A','AD_368','Gold');
insert into Card values(112073,'PREWITT KEN',55283,'PREWITT.KEN@customer.org','2021-01-01','2021-01-01','2026-01-01',1,25000,'A','AD_369','Classic');
insert into Card values(112074,'PFEIFFER BOB',55284,'PFEIFFER.BOB@customer.org','2021-01-01','2021-01-01','2026-01-01',1,100000,'A','AD_370','Titanium');
insert into Card values(112075,'NETTLES JAIME',55285,'NETTLES.JAIME@customer.org','2021-01-01','2021-01-01','2026-01-01',1,75000,'A','AD_371','Silver');
insert into Card values(112076,'MENA CASEY',55286,'MENA.CASEY@customer.org','2021-01-01','2021-01-01','2026-01-01',1,400000,'A','AD_372','Business');
insert into Card values(112077,'MCADAMS ALFREDO',55287,'MCADAMS.ALFREDO@customer.org','2021-01-01','2021-01-01','2026-01-01',1,45000,'A','AD_373','Platinum');
insert into Card values(112078,'HENNING ALBERTO',55288,'HENNING.ALBERTO@customer.org','2021-01-01','2021-01-01','2026-01-01',1,120000,'A','AD_374','Visa');
insert into Card values(112079,'GARDINER DAVE',55289,'GARDINER.DAVE@customer.org','2021-01-01','2021-01-01','2026-01-01',1,90000,'A','AD_375','Gold');
insert into Card values(112080,'CROMWELL IVAN',55290,'CROMWELL.IVAN@customer.org','2021-01-01','2021-01-01','2026-01-01',1,25000,'A','AD_376','Classic');
insert into Card values(112081,'CHISHOLM JOHNNIE',55291,'CHISHOLM.JOHNNIE@customer.org','2021-01-01','2021-01-01','2026-01-01',1,100000,'A','AD_377','Titanium');
insert into Card values(112082,'BURLESON SIDNEY',55292,'BURLESON.SIDNEY@customer.org','2021-01-01','2021-01-01','2026-01-01',1,75000,'A','AD_378','Silver');
insert into Card values(112083,'BOX BYRON',55293,'BOX.BYRON@customer.org','2021-01-01','2021-01-01','2026-01-01',1,400000,'A','AD_379','Business');
insert into Card values(112084,'VEST JULIAN',55294,'VEST.JULIAN@customer.org','2021-01-01','2021-01-01','2026-01-01',1,45000,'A','AD_380','Platinum');
insert into Card values(112085,'OGLESBY ISAAC',55295,'OGLESBY.ISAAC@customer.org','2021-01-01','2021-01-01','2026-01-01',1,120000,'A','AD_381','Visa');
insert into Card values(112086,'MCCARTER MORRIS',55296,'MCCARTER.MORRIS@customer.org','2021-01-01','2021-01-01','2026-01-01',1,90000,'A','AD_382','Gold');
insert into Card values(112087,'MALCOLM CLIFTON',55297,'MALCOLM.CLIFTON@customer.org','2021-01-01','2021-01-01','2026-01-01',1,25000,'A','AD_383','Classic');
insert into Card values(112088,'LUMPKIN WILLARD',55298,'LUMPKIN.WILLARD@customer.org','2021-01-01','2021-01-01','2026-01-01',1,100000,'A','AD_384','Titanium');
insert into Card values(112089,'LARUE DARYL',55299,'LARUE.DARYL@customer.org','2021-01-01','2021-01-01','2026-01-01',1,75000,'A','AD_385','Silver');
insert into Card values(112090,'GREY ROSS',55300,'GREY.ROSS@customer.org','2021-01-01','2021-01-01','2026-01-01',1,400000,'A','AD_386','Business');
insert into Card values(112091,'WOFFORD VIRGIL',55301,'WOFFORD.VIRGIL@customer.org','2021-01-01','2021-01-01','2026-01-01',1,45000,'A','AD_387','Platinum');
insert into Card values(112092,'VANHORN ANDY',55302,'VANHORN.ANDY@customer.org','2021-01-01','2021-01-01','2026-01-01',1,120000,'A','AD_388','Visa');
insert into Card values(112093,'THORN MARSHALL',55303,'THORN.MARSHALL@customer.org','2021-01-01','2021-01-01','2026-01-01',1,90000,'A','AD_389','Gold');
insert into Card values(112094,'TEEL SALVADOR',55304,'TEEL.SALVADOR@customer.org','2021-01-01','2021-01-01','2026-01-01',1,25000,'A','AD_390','Classic');
insert into Card values(112095,'SWAFFORD PERRY',55305,'SWAFFORD.PERRY@customer.org','2021-01-01','2021-01-01','2026-01-01',1,100000,'A','AD_391','Titanium');
insert into Card values(112096,'STCLAIR KIRK',55306,'STCLAIR.KIRK@customer.org','2021-01-01','2021-01-01','2026-01-01',1,75000,'A','AD_392','Silver');
insert into Card values(112097,'STANFIELD SERGIO',55307,'STANFIELD.SERGIO@customer.org','2021-01-01','2021-01-01','2026-01-01',1,400000,'A','AD_393','Business');
insert into Card values(112098,'OCAMPO MARION',55308,'OCAMPO.MARION@customer.org','2021-01-01','2021-01-01','2026-01-01',1,45000,'A','AD_394','Platinum');
insert into Card values(112099,'HERRMANN TRACY',55309,'HERRMANN.TRACY@customer.org','2021-01-01','2021-01-01','2026-01-01',1,120000,'A','AD_395','Visa');
insert into Card values(112100,'HANNON SETH',55310,'HANNON.SETH@customer.org','2021-01-01','2021-01-01','2026-01-01',1,90000,'A','AD_396','Gold');
insert into Card values(112101,'ARSENAULT KENT',55311,'ARSENAULT.KENT@customer.org','2021-01-01','2021-01-01','2026-01-01',1,25000,'A','AD_397','Classic');
insert into Card values(112102,'ROUSH TERRANCE',55312,'ROUSH.TERRANCE@customer.org','2021-01-01','2021-01-01','2026-01-01',1,100000,'A','AD_398','Titanium');
insert into Card values(112103,'MCALISTER RENE',55313,'MCALISTER.RENE@customer.org','2021-01-01','2021-01-01','2026-01-01',1,75000,'A','AD_399','Silver');
insert into Card values(112104,'HIATT EDUARDO',55314,'HIATT.EDUARDO@customer.org','2021-01-01','2021-01-01','2026-01-01',1,400000,'A','AD_400','Business');
insert into Card values(112105,'GUNDERSON TERRENCE',55315,'GUNDERSON.TERRENCE@customer.org','2021-01-01','2021-01-01','2026-01-01',1,45000,'A','AD_401','Platinum');
insert into Card values(112106,'FORSYTHE ENRIQUE',55316,'FORSYTHE.ENRIQUE@customer.org','2021-01-01','2021-01-01','2026-01-01',1,120000,'A','AD_402','Visa');
insert into Card values(112107,'DUGGAN FREDDIE',55317,'DUGGAN.FREDDIE@customer.org','2021-01-01','2021-01-01','2026-01-01',1,90000,'A','AD_403','Gold');
insert into Card values(112108,'DELVALLE WADE',55318,'DELVALLE.WADE@customer.org','2021-01-01','2021-01-01','2026-01-01',1,25000,'A','AD_404','Classic');
insert into Card values(112109,'CINTRON AUSTIN',55319,'CINTRON.AUSTIN@customer.org','2021-01-01','2021-01-01','2026-01-01',1,100000,'A','AD_405','Titanium');
insert into Card values(112110,'JOMBS BOND',55320,'JOMBS.BOND@customer.org','2021-01-01','2021-01-01','2026-01-01',1,75000,'A','AD_405','Silver');

commit;

commit;
